Villin PME  9A cutoff 5e-4 tol,none,openmm.LangevinMiddleIntegrator,1,  1.0,1e-06,   156.5
Villin PME  9A cutoff 5e-4 tol,none,CustomMTSLangevinMiddleIntegrator,1,  1.0,1e-06,   134.6
Villin PME  9A cutoff 5e-4 tol,none,openmm.LangevinMiddleIntegrator,1,  2.0,1e-06,   458.0
Villin PME  9A cutoff 5e-4 tol,none,CustomMTSLangevinMiddleIntegrator,1,  2.0,1e-06,   373.6
Villin PME  9A cutoff 5e-4 tol,none,openmm.LangevinMiddleIntegrator,1,  3.0,1e-06,   645.5
Villin PME  9A cutoff 5e-4 tol,none,CustomMTSLangevinMiddleIntegrator,1,  3.0,1e-06,   530.5
Villin PME  9A cutoff 5e-4 tol,none,openmm.LangevinMiddleIntegrator,1,  4.0,1e-06,   828.8
Villin PME  9A cutoff 5e-4 tol,none,CustomMTSLangevinMiddleIntegrator,1,  4.0,1e-06,   684.6
Villin PME  9A cutoff 5e-4 tol,none,openmm.LangevinMiddleIntegrator,1,  5.0,1e-06,     0.0
Villin PME  9A cutoff 5e-4 tol,none,CustomMTSLangevinMiddleIntegrator,1,  5.0,1e-06,     0.0
Villin PME  9A cutoff 5e-4 tol,none,openmm.LangevinMiddleIntegrator,1,  6.0,1e-06,     0.0
Villin PME  9A cutoff 5e-4 tol,none,CustomMTSLangevinMiddleIntegrator,1,  6.0,1e-06,     0.0
Villin PME  9A cutoff 5e-4 tol,none,openmm.LangevinMiddleIntegrator,1,  7.0,1e-06,     0.0
Villin PME  9A cutoff 5e-4 tol,none,CustomMTSLangevinMiddleIntegrator,1,  7.0,1e-06,     0.0
Villin PME  9A cutoff 5e-4 tol,none,openmm.LangevinMiddleIntegrator,1,  8.0,1e-06,     0.0
Villin PME  9A cutoff 5e-4 tol,none,CustomMTSLangevinMiddleIntegrator,1,  8.0,1e-06,     0.0
Villin PME  9A cutoff 5e-4 tol,none,openmm.LangevinMiddleIntegrator,1,  9.0,1e-06,     0.0
Villin PME  9A cutoff 5e-4 tol,none,CustomMTSLangevinMiddleIntegrator,1,  9.0,1e-06,     0.0
Villin PME  9A cutoff 5e-4 tol,none,openmm.LangevinMiddleIntegrator,1, 10.0,1e-06,     0.0
Villin PME  9A cutoff 5e-4 tol,none,CustomMTSLangevinMiddleIntegrator,1, 10.0,1e-06,     0.0
Villin PME  9A cutoff 5e-4 tol,none,openmm.LangevinMiddleIntegrator,1, 11.0,1e-06,     0.0
Villin PME  9A cutoff 5e-4 tol,none,CustomMTSLangevinMiddleIntegrator,1, 11.0,1e-06,     0.0
Villin PME  9A cutoff 5e-4 tol,none,openmm.LangevinMiddleIntegrator,1, 12.0,1e-06,     0.0
Villin PME  9A cutoff 5e-4 tol,none,CustomMTSLangevinMiddleIntegrator,1, 12.0,1e-06,     0.0
Villin PME  9A cutoff 5e-4 tol,none,openmm.LangevinMiddleIntegrator,1, 13.0,1e-06,     0.0
Villin PME  9A cutoff 5e-4 tol,none,CustomMTSLangevinMiddleIntegrator,1, 13.0,1e-06,     0.0
Villin PME  9A cutoff 5e-4 tol,none,openmm.LangevinMiddleIntegrator,1, 14.0,1e-06,     0.0
Villin PME  9A cutoff 5e-4 tol,none,CustomMTSLangevinMiddleIntegrator,1, 14.0,1e-06,     0.0
Villin PME  9A cutoff 5e-4 tol,none,openmm.LangevinMiddleIntegrator,1, 15.0,1e-06,     0.0
Villin PME  9A cutoff 5e-4 tol,none,CustomMTSLangevinMiddleIntegrator,1, 15.0,1e-06,     0.0
Villin PME  9A cutoff 5e-4 tol,none,openmm.LangevinMiddleIntegrator,1, 16.0,1e-06,     0.0
Villin PME  9A cutoff 5e-4 tol,none,CustomMTSLangevinMiddleIntegrator,1, 16.0,1e-06,     0.0
Villin PME  9A cutoff 5e-4 tol,none,openmm.LangevinMiddleIntegrator,1, 17.0,1e-06,     0.0
Villin PME  9A cutoff 5e-4 tol,none,CustomMTSLangevinMiddleIntegrator,1, 17.0,1e-06,     0.0
Villin PME  9A cutoff 5e-4 tol,none,openmm.LangevinMiddleIntegrator,1, 18.0,1e-06,     0.0
Villin PME  9A cutoff 5e-4 tol,none,CustomMTSLangevinMiddleIntegrator,1, 18.0,1e-06,     0.0
Villin PME  9A cutoff 5e-4 tol,none,openmm.LangevinMiddleIntegrator,1, 19.0,1e-06,     0.0
Villin PME  9A cutoff 5e-4 tol,none,CustomMTSLangevinMiddleIntegrator,1, 19.0,1e-06,     0.0
Villin PME  9A cutoff 5e-4 tol,none,openmm.LangevinMiddleIntegrator,1, 20.0,1e-06,     0.0
Villin PME  9A cutoff 5e-4 tol,none,CustomMTSLangevinMiddleIntegrator,1, 20.0,1e-06,     0.0
Villin PME  9A cutoff 5e-4 tol,none,openmm.LangevinMiddleIntegrator,1, 21.0,1e-06,     0.0
Villin PME  9A cutoff 5e-4 tol,none,CustomMTSLangevinMiddleIntegrator,1, 21.0,1e-06,     0.0
Villin PME  9A cutoff 5e-4 tol,none,openmm.LangevinMiddleIntegrator,1, 22.0,1e-06,     0.0
Villin PME  9A cutoff 5e-4 tol,none,CustomMTSLangevinMiddleIntegrator,1, 22.0,1e-06,     0.0
Villin PME  9A cutoff 5e-4 tol,none,openmm.LangevinMiddleIntegrator,1, 23.0,1e-06,     0.0
Villin PME  9A cutoff 5e-4 tol,none,CustomMTSLangevinMiddleIntegrator,1, 23.0,1e-06,     0.0
Villin PME  9A cutoff 5e-4 tol,none,openmm.LangevinMiddleIntegrator,1, 24.0,1e-06,     0.0
Villin PME  9A cutoff 5e-4 tol,none,CustomMTSLangevinMiddleIntegrator,1, 24.0,1e-06,     0.0
Villin PME  9A cutoff 5e-4 tol,none,openmm.LangevinMiddleIntegrator,1, 25.0,1e-06,     0.0
Villin PME  9A cutoff 5e-4 tol,none,CustomMTSLangevinMiddleIntegrator,1, 25.0,1e-06,     0.0
Villin PME  9A cutoff 5e-4 tol,none,openmm.LangevinMiddleIntegrator,1, 26.0,1e-06,     0.0
Villin PME  9A cutoff 5e-4 tol,none,CustomMTSLangevinMiddleIntegrator,1, 26.0,1e-06,     0.0
Villin PME  9A cutoff 5e-4 tol,none,openmm.LangevinMiddleIntegrator,1, 27.0,1e-06,     0.0
Villin PME  9A cutoff 5e-4 tol,none,CustomMTSLangevinMiddleIntegrator,1, 27.0,1e-06,     0.0
Villin PME  9A cutoff 5e-4 tol,NonbondedForce-ReciprocalSpace,CustomMTSLangevinMiddleIntegrator,3,  1.0,1e-06,    91.6
Villin PME  9A cutoff 5e-4 tol,NonbondedForce-ReciprocalSpace,CustomMTSLangevinMiddleIntegrator,3,  2.0,1e-06,   176.8
Villin PME  9A cutoff 5e-4 tol,NonbondedForce-ReciprocalSpace,CustomMTSLangevinMiddleIntegrator,3,  3.0,1e-06,   257.8
Villin PME  9A cutoff 5e-4 tol,NonbondedForce-ReciprocalSpace,CustomMTSLangevinMiddleIntegrator,3,  4.0,1e-06,   332.9
Villin PME  9A cutoff 5e-4 tol,NonbondedForce-ReciprocalSpace,CustomMTSLangevinMiddleIntegrator,3,  5.0,1e-06,   403.3
Villin PME  9A cutoff 5e-4 tol,NonbondedForce-ReciprocalSpace,CustomMTSLangevinMiddleIntegrator,3,  6.0,1e-06,   471.9
Villin PME  9A cutoff 5e-4 tol,NonbondedForce-ReciprocalSpace,CustomMTSLangevinMiddleIntegrator,3,  7.0,1e-06,   537.4
Villin PME  9A cutoff 5e-4 tol,NonbondedForce-ReciprocalSpace,CustomMTSLangevinMiddleIntegrator,3,  8.0,1e-06,   604.1
Villin PME  9A cutoff 5e-4 tol,NonbondedForce-ReciprocalSpace,CustomMTSLangevinMiddleIntegrator,3,  9.0,1e-06,   653.3
Villin PME  9A cutoff 5e-4 tol,NonbondedForce-ReciprocalSpace,CustomMTSLangevinMiddleIntegrator,3, 10.0,1e-06,   693.4
Villin PME  9A cutoff 5e-4 tol,NonbondedForce-ReciprocalSpace,CustomMTSLangevinMiddleIntegrator,3, 11.0,1e-06,   752.6
Villin PME  9A cutoff 5e-4 tol,NonbondedForce-ReciprocalSpace,CustomMTSLangevinMiddleIntegrator,3, 12.0,1e-06,   814.9
Villin PME  9A cutoff 5e-4 tol,NonbondedForce-ReciprocalSpace,CustomMTSLangevinMiddleIntegrator,3, 13.0,1e-06,   881.1
Villin PME  9A cutoff 5e-4 tol,NonbondedForce-ReciprocalSpace,CustomMTSLangevinMiddleIntegrator,3, 14.0,1e-06,     0.0
Villin PME  9A cutoff 5e-4 tol,NonbondedForce-ReciprocalSpace,CustomMTSLangevinMiddleIntegrator,3, 15.0,1e-06,     0.0
Villin PME  9A cutoff 5e-4 tol,NonbondedForce-ReciprocalSpace,CustomMTSLangevinMiddleIntegrator,3, 16.0,1e-06,     0.0
Villin PME  9A cutoff 5e-4 tol,NonbondedForce-ReciprocalSpace,CustomMTSLangevinMiddleIntegrator,3, 17.0,1e-06,     0.0
Villin PME  9A cutoff 5e-4 tol,NonbondedForce-ReciprocalSpace,CustomMTSLangevinMiddleIntegrator,3, 18.0,1e-06,     0.0
Villin PME  9A cutoff 5e-4 tol,NonbondedForce-ReciprocalSpace,CustomMTSLangevinMiddleIntegrator,3, 19.0,1e-06,     0.0
Villin PME  9A cutoff 5e-4 tol,NonbondedForce-ReciprocalSpace,CustomMTSLangevinMiddleIntegrator,3, 20.0,1e-06,     0.0
Villin PME  9A cutoff 5e-4 tol,NonbondedForce-ReciprocalSpace,CustomMTSLangevinMiddleIntegrator,3, 21.0,1e-06,     0.0
Villin PME  9A cutoff 5e-4 tol,NonbondedForce-ReciprocalSpace,CustomMTSLangevinMiddleIntegrator,3, 22.0,1e-06,     0.0
Villin PME  9A cutoff 5e-4 tol,NonbondedForce-ReciprocalSpace,CustomMTSLangevinMiddleIntegrator,3, 23.0,1e-06,     0.0
Villin PME  9A cutoff 5e-4 tol,NonbondedForce-ReciprocalSpace,CustomMTSLangevinMiddleIntegrator,3, 24.0,1e-06,     0.0
Villin PME  9A cutoff 5e-4 tol,NonbondedForce-ReciprocalSpace,CustomMTSLangevinMiddleIntegrator,3, 25.0,1e-06,     0.0
Villin PME  9A cutoff 5e-4 tol,NonbondedForce-ReciprocalSpace,CustomMTSLangevinMiddleIntegrator,3, 26.0,1e-06,     0.0
Villin PME  9A cutoff 5e-4 tol,NonbondedForce-ReciprocalSpace,CustomMTSLangevinMiddleIntegrator,3, 27.0,1e-06,     0.0
Villin PME  9A cutoff 5e-4 tol,NonbondedForce-ReciprocalSpace,CustomMTSLangevinMiddleIntegrator,5,  1.0,1e-06,    59.3
Villin PME  9A cutoff 5e-4 tol,NonbondedForce-ReciprocalSpace,CustomMTSLangevinMiddleIntegrator,5,  2.0,1e-06,   115.9
Villin PME  9A cutoff 5e-4 tol,NonbondedForce-ReciprocalSpace,CustomMTSLangevinMiddleIntegrator,5,  3.0,1e-06,   169.0
Villin PME  9A cutoff 5e-4 tol,NonbondedForce-ReciprocalSpace,CustomMTSLangevinMiddleIntegrator,5,  4.0,1e-06,   219.2
Villin PME  9A cutoff 5e-4 tol,NonbondedForce-ReciprocalSpace,CustomMTSLangevinMiddleIntegrator,5,  5.0,1e-06,   268.9
Villin PME  9A cutoff 5e-4 tol,NonbondedForce-ReciprocalSpace,CustomMTSLangevinMiddleIntegrator,5,  6.0,1e-06,   314.4
Villin PME  9A cutoff 5e-4 tol,NonbondedForce-ReciprocalSpace,CustomMTSLangevinMiddleIntegrator,5,  7.0,1e-06,   359.9
Villin PME  9A cutoff 5e-4 tol,NonbondedForce-ReciprocalSpace,CustomMTSLangevinMiddleIntegrator,5,  8.0,1e-06,   398.0
Villin PME  9A cutoff 5e-4 tol,NonbondedForce-ReciprocalSpace,CustomMTSLangevinMiddleIntegrator,5,  9.0,1e-06,   443.1
Villin PME  9A cutoff 5e-4 tol,NonbondedForce-ReciprocalSpace,CustomMTSLangevinMiddleIntegrator,5, 10.0,1e-06,   479.4
Villin PME  9A cutoff 5e-4 tol,NonbondedForce-ReciprocalSpace,CustomMTSLangevinMiddleIntegrator,5, 11.0,1e-06,   512.0
Villin PME  9A cutoff 5e-4 tol,NonbondedForce-ReciprocalSpace,CustomMTSLangevinMiddleIntegrator,5, 12.0,1e-06,   551.8
Villin PME  9A cutoff 5e-4 tol,NonbondedForce-ReciprocalSpace,CustomMTSLangevinMiddleIntegrator,5, 13.0,1e-06,   597.1
Villin PME  9A cutoff 5e-4 tol,NonbondedForce-ReciprocalSpace,CustomMTSLangevinMiddleIntegrator,5, 14.0,1e-06,   625.6
Villin PME  9A cutoff 5e-4 tol,NonbondedForce-ReciprocalSpace,CustomMTSLangevinMiddleIntegrator,5, 15.0,1e-06,   638.4
Villin PME  9A cutoff 5e-4 tol,NonbondedForce-ReciprocalSpace,CustomMTSLangevinMiddleIntegrator,5, 16.0,1e-06,   645.7
Villin PME  9A cutoff 5e-4 tol,NonbondedForce-ReciprocalSpace,CustomMTSLangevinMiddleIntegrator,5, 17.0,1e-06,   644.3
Villin PME  9A cutoff 5e-4 tol,NonbondedForce-ReciprocalSpace,CustomMTSLangevinMiddleIntegrator,5, 18.0,1e-06,   562.5
Villin PME  9A cutoff 5e-4 tol,NonbondedForce-ReciprocalSpace,CustomMTSLangevinMiddleIntegrator,5, 19.0,1e-06,     0.0
Villin PME  9A cutoff 5e-4 tol,NonbondedForce-ReciprocalSpace,CustomMTSLangevinMiddleIntegrator,5, 20.0,1e-06,     0.0
Villin PME  9A cutoff 5e-4 tol,NonbondedForce-ReciprocalSpace,CustomMTSLangevinMiddleIntegrator,5, 21.0,1e-06,     0.0
Villin PME  9A cutoff 5e-4 tol,NonbondedForce-ReciprocalSpace,CustomMTSLangevinMiddleIntegrator,5, 22.0,1e-06,     0.0
Villin PME  9A cutoff 5e-4 tol,NonbondedForce-ReciprocalSpace,CustomMTSLangevinMiddleIntegrator,5, 23.0,1e-06,     0.0
Villin PME  9A cutoff 5e-4 tol,NonbondedForce-ReciprocalSpace,CustomMTSLangevinMiddleIntegrator,5, 24.0,1e-06,     0.0
Villin PME  9A cutoff 5e-4 tol,NonbondedForce-ReciprocalSpace,CustomMTSLangevinMiddleIntegrator,5, 25.0,1e-06,     0.0
Villin PME  9A cutoff 5e-4 tol,NonbondedForce-ReciprocalSpace,CustomMTSLangevinMiddleIntegrator,5, 26.0,1e-06,     0.0
Villin PME  9A cutoff 5e-4 tol,NonbondedForce-ReciprocalSpace,CustomMTSLangevinMiddleIntegrator,5, 27.0,1e-06,     0.0
Villin PME  9A cutoff 1e-4 tol,none,openmm.LangevinMiddleIntegrator,1,  1.0,1e-06,   201.3
Villin PME  9A cutoff 1e-4 tol,none,CustomMTSLangevinMiddleIntegrator,1,  1.0,1e-06,   163.3
Villin PME  9A cutoff 1e-4 tol,none,openmm.LangevinMiddleIntegrator,1,  2.0,1e-06,   383.2
Villin PME  9A cutoff 1e-4 tol,none,CustomMTSLangevinMiddleIntegrator,1,  2.0,1e-06,   312.4
Villin PME  9A cutoff 1e-4 tol,none,openmm.LangevinMiddleIntegrator,1,  3.0,1e-06,   548.7
Villin PME  9A cutoff 1e-4 tol,none,CustomMTSLangevinMiddleIntegrator,1,  3.0,1e-06,   450.0
Villin PME  9A cutoff 1e-4 tol,none,openmm.LangevinMiddleIntegrator,1,  4.0,1e-06,   707.1
Villin PME  9A cutoff 1e-4 tol,none,CustomMTSLangevinMiddleIntegrator,1,  4.0,1e-06,   577.0
Villin PME  9A cutoff 1e-4 tol,none,openmm.LangevinMiddleIntegrator,1,  5.0,1e-06,     0.0
Villin PME  9A cutoff 1e-4 tol,none,CustomMTSLangevinMiddleIntegrator,1,  5.0,1e-06,     0.0
Villin PME  9A cutoff 1e-4 tol,none,openmm.LangevinMiddleIntegrator,1,  6.0,1e-06,     0.0
Villin PME  9A cutoff 1e-4 tol,none,CustomMTSLangevinMiddleIntegrator,1,  6.0,1e-06,     0.0
Villin PME  9A cutoff 1e-4 tol,none,openmm.LangevinMiddleIntegrator,1,  7.0,1e-06,     0.0
Villin PME  9A cutoff 1e-4 tol,none,CustomMTSLangevinMiddleIntegrator,1,  7.0,1e-06,     0.0
Villin PME  9A cutoff 1e-4 tol,none,openmm.LangevinMiddleIntegrator,1,  8.0,1e-06,     0.0
Villin PME  9A cutoff 1e-4 tol,none,CustomMTSLangevinMiddleIntegrator,1,  8.0,1e-06,     0.0
Villin PME  9A cutoff 1e-4 tol,none,openmm.LangevinMiddleIntegrator,1,  9.0,1e-06,     0.0
Villin PME  9A cutoff 1e-4 tol,none,CustomMTSLangevinMiddleIntegrator,1,  9.0,1e-06,     0.0
Villin PME  9A cutoff 1e-4 tol,none,openmm.LangevinMiddleIntegrator,1, 10.0,1e-06,     0.0
Villin PME  9A cutoff 1e-4 tol,none,CustomMTSLangevinMiddleIntegrator,1, 10.0,1e-06,     0.0
Villin PME  9A cutoff 1e-4 tol,none,openmm.LangevinMiddleIntegrator,1, 11.0,1e-06,     0.0
Villin PME  9A cutoff 1e-4 tol,none,CustomMTSLangevinMiddleIntegrator,1, 11.0,1e-06,     0.0
Villin PME  9A cutoff 1e-4 tol,none,openmm.LangevinMiddleIntegrator,1, 12.0,1e-06,     0.0
Villin PME  9A cutoff 1e-4 tol,none,CustomMTSLangevinMiddleIntegrator,1, 12.0,1e-06,     0.0
Villin PME  9A cutoff 1e-4 tol,none,openmm.LangevinMiddleIntegrator,1, 13.0,1e-06,     0.0
Villin PME  9A cutoff 1e-4 tol,none,CustomMTSLangevinMiddleIntegrator,1, 13.0,1e-06,     0.0
Villin PME  9A cutoff 1e-4 tol,none,openmm.LangevinMiddleIntegrator,1, 14.0,1e-06,     0.0
Villin PME  9A cutoff 1e-4 tol,none,CustomMTSLangevinMiddleIntegrator,1, 14.0,1e-06,     0.0
Villin PME  9A cutoff 1e-4 tol,none,openmm.LangevinMiddleIntegrator,1, 15.0,1e-06,     0.0
Villin PME  9A cutoff 1e-4 tol,none,CustomMTSLangevinMiddleIntegrator,1, 15.0,1e-06,     0.0
Villin PME  9A cutoff 1e-4 tol,none,openmm.LangevinMiddleIntegrator,1, 16.0,1e-06,     0.0
Villin PME  9A cutoff 1e-4 tol,none,CustomMTSLangevinMiddleIntegrator,1, 16.0,1e-06,     0.0
Villin PME  9A cutoff 1e-4 tol,none,openmm.LangevinMiddleIntegrator,1, 17.0,1e-06,     0.0
Villin PME  9A cutoff 1e-4 tol,none,CustomMTSLangevinMiddleIntegrator,1, 17.0,1e-06,     0.0
Villin PME  9A cutoff 1e-4 tol,none,openmm.LangevinMiddleIntegrator,1, 18.0,1e-06,     0.0
Villin PME  9A cutoff 1e-4 tol,none,CustomMTSLangevinMiddleIntegrator,1, 18.0,1e-06,     0.0
Villin PME  9A cutoff 1e-4 tol,none,openmm.LangevinMiddleIntegrator,1, 19.0,1e-06,     0.0
Villin PME  9A cutoff 1e-4 tol,none,CustomMTSLangevinMiddleIntegrator,1, 19.0,1e-06,     0.0
Villin PME  9A cutoff 1e-4 tol,none,openmm.LangevinMiddleIntegrator,1, 20.0,1e-06,     0.0
Villin PME  9A cutoff 1e-4 tol,none,CustomMTSLangevinMiddleIntegrator,1, 20.0,1e-06,     0.0
Villin PME  9A cutoff 1e-4 tol,none,openmm.LangevinMiddleIntegrator,1, 21.0,1e-06,     0.0
Villin PME  9A cutoff 1e-4 tol,none,CustomMTSLangevinMiddleIntegrator,1, 21.0,1e-06,     0.0
Villin PME  9A cutoff 1e-4 tol,none,openmm.LangevinMiddleIntegrator,1, 22.0,1e-06,     0.0
Villin PME  9A cutoff 1e-4 tol,none,CustomMTSLangevinMiddleIntegrator,1, 22.0,1e-06,     0.0
Villin PME  9A cutoff 1e-4 tol,none,openmm.LangevinMiddleIntegrator,1, 23.0,1e-06,     0.0
Villin PME  9A cutoff 1e-4 tol,none,CustomMTSLangevinMiddleIntegrator,1, 23.0,1e-06,     0.0
Villin PME  9A cutoff 1e-4 tol,none,openmm.LangevinMiddleIntegrator,1, 24.0,1e-06,     0.0
Villin PME  9A cutoff 1e-4 tol,none,CustomMTSLangevinMiddleIntegrator,1, 24.0,1e-06,     0.0
Villin PME  9A cutoff 1e-4 tol,none,openmm.LangevinMiddleIntegrator,1, 25.0,1e-06,     0.0
Villin PME  9A cutoff 1e-4 tol,none,CustomMTSLangevinMiddleIntegrator,1, 25.0,1e-06,     0.0
Villin PME  9A cutoff 1e-4 tol,none,openmm.LangevinMiddleIntegrator,1, 26.0,1e-06,     0.0
Villin PME  9A cutoff 1e-4 tol,none,CustomMTSLangevinMiddleIntegrator,1, 26.0,1e-06,     0.0
Villin PME  9A cutoff 1e-4 tol,none,openmm.LangevinMiddleIntegrator,1, 27.0,1e-06,     0.0
Villin PME  9A cutoff 1e-4 tol,none,CustomMTSLangevinMiddleIntegrator,1, 27.0,1e-06,     0.0
Villin PME  9A cutoff 1e-4 tol,NonbondedForce-ReciprocalSpace,CustomMTSLangevinMiddleIntegrator,3,  1.0,1e-06,    81.3
Villin PME  9A cutoff 1e-4 tol,NonbondedForce-ReciprocalSpace,CustomMTSLangevinMiddleIntegrator,3,  2.0,1e-06,   156.6
Villin PME  9A cutoff 1e-4 tol,NonbondedForce-ReciprocalSpace,CustomMTSLangevinMiddleIntegrator,3,  3.0,1e-06,   227.9
Villin PME  9A cutoff 1e-4 tol,NonbondedForce-ReciprocalSpace,CustomMTSLangevinMiddleIntegrator,3,  4.0,1e-06,   295.5
Villin PME  9A cutoff 1e-4 tol,NonbondedForce-ReciprocalSpace,CustomMTSLangevinMiddleIntegrator,3,  5.0,1e-06,   358.7
Villin PME  9A cutoff 1e-4 tol,NonbondedForce-ReciprocalSpace,CustomMTSLangevinMiddleIntegrator,3,  6.0,1e-06,   420.9
Villin PME  9A cutoff 1e-4 tol,NonbondedForce-ReciprocalSpace,CustomMTSLangevinMiddleIntegrator,3,  7.0,1e-06,   474.4
Villin PME  9A cutoff 1e-4 tol,NonbondedForce-ReciprocalSpace,CustomMTSLangevinMiddleIntegrator,3,  8.0,1e-06,   541.7
Villin PME  9A cutoff 1e-4 tol,NonbondedForce-ReciprocalSpace,CustomMTSLangevinMiddleIntegrator,3,  9.0,1e-06,   586.6
Villin PME  9A cutoff 1e-4 tol,NonbondedForce-ReciprocalSpace,CustomMTSLangevinMiddleIntegrator,3, 10.0,1e-06,   622.0
Villin PME  9A cutoff 1e-4 tol,NonbondedForce-ReciprocalSpace,CustomMTSLangevinMiddleIntegrator,3, 11.0,1e-06,   682.9
Villin PME  9A cutoff 1e-4 tol,NonbondedForce-ReciprocalSpace,CustomMTSLangevinMiddleIntegrator,3, 12.0,1e-06,   741.8
Villin PME  9A cutoff 1e-4 tol,NonbondedForce-ReciprocalSpace,CustomMTSLangevinMiddleIntegrator,3, 13.0,1e-06,   797.0
Villin PME  9A cutoff 1e-4 tol,NonbondedForce-ReciprocalSpace,CustomMTSLangevinMiddleIntegrator,3, 14.0,1e-06,     0.0
Villin PME  9A cutoff 1e-4 tol,NonbondedForce-ReciprocalSpace,CustomMTSLangevinMiddleIntegrator,3, 15.0,1e-06,     0.0
Villin PME  9A cutoff 1e-4 tol,NonbondedForce-ReciprocalSpace,CustomMTSLangevinMiddleIntegrator,3, 16.0,1e-06,     0.0
Villin PME  9A cutoff 1e-4 tol,NonbondedForce-ReciprocalSpace,CustomMTSLangevinMiddleIntegrator,3, 17.0,1e-06,     0.0
Villin PME  9A cutoff 1e-4 tol,NonbondedForce-ReciprocalSpace,CustomMTSLangevinMiddleIntegrator,3, 18.0,1e-06,     0.0
Villin PME  9A cutoff 1e-4 tol,NonbondedForce-ReciprocalSpace,CustomMTSLangevinMiddleIntegrator,3, 19.0,1e-06,     0.0
Villin PME  9A cutoff 1e-4 tol,NonbondedForce-ReciprocalSpace,CustomMTSLangevinMiddleIntegrator,3, 20.0,1e-06,     0.0
Villin PME  9A cutoff 1e-4 tol,NonbondedForce-ReciprocalSpace,CustomMTSLangevinMiddleIntegrator,3, 21.0,1e-06,     0.0
Villin PME  9A cutoff 1e-4 tol,NonbondedForce-ReciprocalSpace,CustomMTSLangevinMiddleIntegrator,3, 22.0,1e-06,     0.0
Villin PME  9A cutoff 1e-4 tol,NonbondedForce-ReciprocalSpace,CustomMTSLangevinMiddleIntegrator,3, 23.0,1e-06,     0.0
Villin PME  9A cutoff 1e-4 tol,NonbondedForce-ReciprocalSpace,CustomMTSLangevinMiddleIntegrator,3, 24.0,1e-06,     0.0
Villin PME  9A cutoff 1e-4 tol,NonbondedForce-ReciprocalSpace,CustomMTSLangevinMiddleIntegrator,3, 25.0,1e-06,     0.0
Villin PME  9A cutoff 1e-4 tol,NonbondedForce-ReciprocalSpace,CustomMTSLangevinMiddleIntegrator,3, 26.0,1e-06,     0.0
Villin PME  9A cutoff 1e-4 tol,NonbondedForce-ReciprocalSpace,CustomMTSLangevinMiddleIntegrator,3, 27.0,1e-06,     0.0
Villin PME  9A cutoff 1e-4 tol,NonbondedForce-ReciprocalSpace,CustomMTSLangevinMiddleIntegrator,5,  1.0,1e-06,    53.6
Villin PME  9A cutoff 1e-4 tol,NonbondedForce-ReciprocalSpace,CustomMTSLangevinMiddleIntegrator,5,  2.0,1e-06,   104.6
Villin PME  9A cutoff 1e-4 tol,NonbondedForce-ReciprocalSpace,CustomMTSLangevinMiddleIntegrator,5,  3.0,1e-06,   153.2
Villin PME  9A cutoff 1e-4 tol,NonbondedForce-ReciprocalSpace,CustomMTSLangevinMiddleIntegrator,5,  4.0,1e-06,   199.6
Villin PME  9A cutoff 1e-4 tol,NonbondedForce-ReciprocalSpace,CustomMTSLangevinMiddleIntegrator,5,  5.0,1e-06,   244.4
Villin PME  9A cutoff 1e-4 tol,NonbondedForce-ReciprocalSpace,CustomMTSLangevinMiddleIntegrator,5,  6.0,1e-06,   287.1
Villin PME  9A cutoff 1e-4 tol,NonbondedForce-ReciprocalSpace,CustomMTSLangevinMiddleIntegrator,5,  7.0,1e-06,   329.3
Villin PME  9A cutoff 1e-4 tol,NonbondedForce-ReciprocalSpace,CustomMTSLangevinMiddleIntegrator,5,  8.0,1e-06,   365.8
Villin PME  9A cutoff 1e-4 tol,NonbondedForce-ReciprocalSpace,CustomMTSLangevinMiddleIntegrator,5,  9.0,1e-06,   404.7
Villin PME  9A cutoff 1e-4 tol,NonbondedForce-ReciprocalSpace,CustomMTSLangevinMiddleIntegrator,5, 10.0,1e-06,   444.0
Villin PME  9A cutoff 1e-4 tol,NonbondedForce-ReciprocalSpace,CustomMTSLangevinMiddleIntegrator,5, 11.0,1e-06,   474.6
Villin PME  9A cutoff 1e-4 tol,NonbondedForce-ReciprocalSpace,CustomMTSLangevinMiddleIntegrator,5, 12.0,1e-06,   517.8
Villin PME  9A cutoff 1e-4 tol,NonbondedForce-ReciprocalSpace,CustomMTSLangevinMiddleIntegrator,5, 13.0,1e-06,   553.4
Villin PME  9A cutoff 1e-4 tol,NonbondedForce-ReciprocalSpace,CustomMTSLangevinMiddleIntegrator,5, 14.0,1e-06,   583.2
Villin PME  9A cutoff 1e-4 tol,NonbondedForce-ReciprocalSpace,CustomMTSLangevinMiddleIntegrator,5, 15.0,1e-06,   586.8
Villin PME  9A cutoff 1e-4 tol,NonbondedForce-ReciprocalSpace,CustomMTSLangevinMiddleIntegrator,5, 16.0,1e-06,   587.8
Villin PME  9A cutoff 1e-4 tol,NonbondedForce-ReciprocalSpace,CustomMTSLangevinMiddleIntegrator,5, 17.0,1e-06,   589.9
Villin PME  9A cutoff 1e-4 tol,NonbondedForce-ReciprocalSpace,CustomMTSLangevinMiddleIntegrator,5, 18.0,1e-06,   474.2
Villin PME  9A cutoff 1e-4 tol,NonbondedForce-ReciprocalSpace,CustomMTSLangevinMiddleIntegrator,5, 19.0,1e-06,     0.0
Villin PME  9A cutoff 1e-4 tol,NonbondedForce-ReciprocalSpace,CustomMTSLangevinMiddleIntegrator,5, 20.0,1e-06,     0.0
Villin PME  9A cutoff 1e-4 tol,NonbondedForce-ReciprocalSpace,CustomMTSLangevinMiddleIntegrator,5, 21.0,1e-06,     0.0
Villin PME  9A cutoff 1e-4 tol,NonbondedForce-ReciprocalSpace,CustomMTSLangevinMiddleIntegrator,5, 22.0,1e-06,     0.0
Villin PME  9A cutoff 1e-4 tol,NonbondedForce-ReciprocalSpace,CustomMTSLangevinMiddleIntegrator,5, 23.0,1e-06,     0.0
Villin PME  9A cutoff 1e-4 tol,NonbondedForce-ReciprocalSpace,CustomMTSLangevinMiddleIntegrator,5, 24.0,1e-06,     0.0
Villin PME  9A cutoff 1e-4 tol,NonbondedForce-ReciprocalSpace,CustomMTSLangevinMiddleIntegrator,5, 25.0,1e-06,     0.0
Villin PME  9A cutoff 1e-4 tol,NonbondedForce-ReciprocalSpace,CustomMTSLangevinMiddleIntegrator,5, 26.0,1e-06,     0.0
Villin PME  9A cutoff 1e-4 tol,NonbondedForce-ReciprocalSpace,CustomMTSLangevinMiddleIntegrator,5, 27.0,1e-06,     0.0
Villin PME  9A cutoff 5e-5 tol,none,openmm.LangevinMiddleIntegrator,1,  1.0,1e-06,   169.8
Villin PME  9A cutoff 5e-5 tol,none,CustomMTSLangevinMiddleIntegrator,1,  1.0,1e-06,   140.3
Villin PME  9A cutoff 5e-5 tol,none,openmm.LangevinMiddleIntegrator,1,  2.0,1e-06,   329.5
Villin PME  9A cutoff 5e-5 tol,none,CustomMTSLangevinMiddleIntegrator,1,  2.0,1e-06,   271.1
Villin PME  9A cutoff 5e-5 tol,none,openmm.LangevinMiddleIntegrator,1,  3.0,1e-06,   475.4
Villin PME  9A cutoff 5e-5 tol,none,CustomMTSLangevinMiddleIntegrator,1,  3.0,1e-06,   393.5
Villin PME  9A cutoff 5e-5 tol,none,openmm.LangevinMiddleIntegrator,1,  4.0,1e-06,   618.2
Villin PME  9A cutoff 5e-5 tol,none,CustomMTSLangevinMiddleIntegrator,1,  4.0,1e-06,   504.8
Villin PME  9A cutoff 5e-5 tol,none,openmm.LangevinMiddleIntegrator,1,  5.0,1e-06,     0.0
Villin PME  9A cutoff 5e-5 tol,none,CustomMTSLangevinMiddleIntegrator,1,  5.0,1e-06,     0.0
Villin PME  9A cutoff 5e-5 tol,none,openmm.LangevinMiddleIntegrator,1,  6.0,1e-06,     0.0
Villin PME  9A cutoff 5e-5 tol,none,CustomMTSLangevinMiddleIntegrator,1,  6.0,1e-06,     0.0
Villin PME  9A cutoff 5e-5 tol,none,openmm.LangevinMiddleIntegrator,1,  7.0,1e-06,     0.0
Villin PME  9A cutoff 5e-5 tol,none,CustomMTSLangevinMiddleIntegrator,1,  7.0,1e-06,     0.0
Villin PME  9A cutoff 5e-5 tol,none,openmm.LangevinMiddleIntegrator,1,  8.0,1e-06,     0.0
Villin PME  9A cutoff 5e-5 tol,none,CustomMTSLangevinMiddleIntegrator,1,  8.0,1e-06,     0.0
Villin PME  9A cutoff 5e-5 tol,none,openmm.LangevinMiddleIntegrator,1,  9.0,1e-06,     0.0
Villin PME  9A cutoff 5e-5 tol,none,CustomMTSLangevinMiddleIntegrator,1,  9.0,1e-06,     0.0
Villin PME  9A cutoff 5e-5 tol,none,openmm.LangevinMiddleIntegrator,1, 10.0,1e-06,     0.0
Villin PME  9A cutoff 5e-5 tol,none,CustomMTSLangevinMiddleIntegrator,1, 10.0,1e-06,     0.0
Villin PME  9A cutoff 5e-5 tol,none,openmm.LangevinMiddleIntegrator,1, 11.0,1e-06,     0.0
Villin PME  9A cutoff 5e-5 tol,none,CustomMTSLangevinMiddleIntegrator,1, 11.0,1e-06,     0.0
Villin PME  9A cutoff 5e-5 tol,none,openmm.LangevinMiddleIntegrator,1, 12.0,1e-06,     0.0
Villin PME  9A cutoff 5e-5 tol,none,CustomMTSLangevinMiddleIntegrator,1, 12.0,1e-06,     0.0
Villin PME  9A cutoff 5e-5 tol,none,openmm.LangevinMiddleIntegrator,1, 13.0,1e-06,     0.0
Villin PME  9A cutoff 5e-5 tol,none,CustomMTSLangevinMiddleIntegrator,1, 13.0,1e-06,     0.0
Villin PME  9A cutoff 5e-5 tol,none,openmm.LangevinMiddleIntegrator,1, 14.0,1e-06,     0.0
Villin PME  9A cutoff 5e-5 tol,none,CustomMTSLangevinMiddleIntegrator,1, 14.0,1e-06,     0.0
Villin PME  9A cutoff 5e-5 tol,none,openmm.LangevinMiddleIntegrator,1, 15.0,1e-06,     0.0
Villin PME  9A cutoff 5e-5 tol,none,CustomMTSLangevinMiddleIntegrator,1, 15.0,1e-06,     0.0
Villin PME  9A cutoff 5e-5 tol,none,openmm.LangevinMiddleIntegrator,1, 16.0,1e-06,     0.0
Villin PME  9A cutoff 5e-5 tol,none,CustomMTSLangevinMiddleIntegrator,1, 16.0,1e-06,     0.0
Villin PME  9A cutoff 5e-5 tol,none,openmm.LangevinMiddleIntegrator,1, 17.0,1e-06,     0.0
Villin PME  9A cutoff 5e-5 tol,none,CustomMTSLangevinMiddleIntegrator,1, 17.0,1e-06,     0.0
Villin PME  9A cutoff 5e-5 tol,none,openmm.LangevinMiddleIntegrator,1, 18.0,1e-06,     0.0
Villin PME  9A cutoff 5e-5 tol,none,CustomMTSLangevinMiddleIntegrator,1, 18.0,1e-06,     0.0
Villin PME  9A cutoff 5e-5 tol,none,openmm.LangevinMiddleIntegrator,1, 19.0,1e-06,     0.0
Villin PME  9A cutoff 5e-5 tol,none,CustomMTSLangevinMiddleIntegrator,1, 19.0,1e-06,     0.0
Villin PME  9A cutoff 5e-5 tol,none,openmm.LangevinMiddleIntegrator,1, 20.0,1e-06,     0.0
Villin PME  9A cutoff 5e-5 tol,none,CustomMTSLangevinMiddleIntegrator,1, 20.0,1e-06,     0.0
Villin PME  9A cutoff 5e-5 tol,none,openmm.LangevinMiddleIntegrator,1, 21.0,1e-06,     0.0
Villin PME  9A cutoff 5e-5 tol,none,CustomMTSLangevinMiddleIntegrator,1, 21.0,1e-06,     0.0
Villin PME  9A cutoff 5e-5 tol,none,openmm.LangevinMiddleIntegrator,1, 22.0,1e-06,     0.0
Villin PME  9A cutoff 5e-5 tol,none,CustomMTSLangevinMiddleIntegrator,1, 22.0,1e-06,     0.0
Villin PME  9A cutoff 5e-5 tol,none,openmm.LangevinMiddleIntegrator,1, 23.0,1e-06,     0.0
Villin PME  9A cutoff 5e-5 tol,none,CustomMTSLangevinMiddleIntegrator,1, 23.0,1e-06,     0.0
Villin PME  9A cutoff 5e-5 tol,none,openmm.LangevinMiddleIntegrator,1, 24.0,1e-06,     0.0
Villin PME  9A cutoff 5e-5 tol,none,CustomMTSLangevinMiddleIntegrator,1, 24.0,1e-06,     0.0
Villin PME  9A cutoff 5e-5 tol,none,openmm.LangevinMiddleIntegrator,1, 25.0,1e-06,     0.0
Villin PME  9A cutoff 5e-5 tol,none,CustomMTSLangevinMiddleIntegrator,1, 25.0,1e-06,     0.0
Villin PME  9A cutoff 5e-5 tol,none,openmm.LangevinMiddleIntegrator,1, 26.0,1e-06,     0.0
Villin PME  9A cutoff 5e-5 tol,none,CustomMTSLangevinMiddleIntegrator,1, 26.0,1e-06,     0.0
Villin PME  9A cutoff 5e-5 tol,none,openmm.LangevinMiddleIntegrator,1, 27.0,1e-06,     0.0
Villin PME  9A cutoff 5e-5 tol,none,CustomMTSLangevinMiddleIntegrator,1, 27.0,1e-06,     0.0
Villin PME  9A cutoff 5e-5 tol,NonbondedForce-ReciprocalSpace,CustomMTSLangevinMiddleIntegrator,3,  1.0,1e-06,    74.7
Villin PME  9A cutoff 5e-5 tol,NonbondedForce-ReciprocalSpace,CustomMTSLangevinMiddleIntegrator,3,  2.0,1e-06,   144.7
Villin PME  9A cutoff 5e-5 tol,NonbondedForce-ReciprocalSpace,CustomMTSLangevinMiddleIntegrator,3,  3.0,1e-06,   211.3
Villin PME  9A cutoff 5e-5 tol,NonbondedForce-ReciprocalSpace,CustomMTSLangevinMiddleIntegrator,3,  4.0,1e-06,   273.7
Villin PME  9A cutoff 5e-5 tol,NonbondedForce-ReciprocalSpace,CustomMTSLangevinMiddleIntegrator,3,  5.0,1e-06,   333.8
Villin PME  9A cutoff 5e-5 tol,NonbondedForce-ReciprocalSpace,CustomMTSLangevinMiddleIntegrator,3,  6.0,1e-06,   392.7
Villin PME  9A cutoff 5e-5 tol,NonbondedForce-ReciprocalSpace,CustomMTSLangevinMiddleIntegrator,3,  7.0,1e-06,   445.9
Villin PME  9A cutoff 5e-5 tol,NonbondedForce-ReciprocalSpace,CustomMTSLangevinMiddleIntegrator,3,  8.0,1e-06,   503.3
Villin PME  9A cutoff 5e-5 tol,NonbondedForce-ReciprocalSpace,CustomMTSLangevinMiddleIntegrator,3,  9.0,1e-06,   544.6
Villin PME  9A cutoff 5e-5 tol,NonbondedForce-ReciprocalSpace,CustomMTSLangevinMiddleIntegrator,3, 10.0,1e-06,   588.6
Villin PME  9A cutoff 5e-5 tol,NonbondedForce-ReciprocalSpace,CustomMTSLangevinMiddleIntegrator,3, 11.0,1e-06,   639.9
Villin PME  9A cutoff 5e-5 tol,NonbondedForce-ReciprocalSpace,CustomMTSLangevinMiddleIntegrator,3, 12.0,1e-06,   698.1
Villin PME  9A cutoff 5e-5 tol,NonbondedForce-ReciprocalSpace,CustomMTSLangevinMiddleIntegrator,3, 13.0,1e-06,   749.2
Villin PME  9A cutoff 5e-5 tol,NonbondedForce-ReciprocalSpace,CustomMTSLangevinMiddleIntegrator,3, 14.0,1e-06,     0.0
Villin PME  9A cutoff 5e-5 tol,NonbondedForce-ReciprocalSpace,CustomMTSLangevinMiddleIntegrator,3, 15.0,1e-06,     0.0
Villin PME  9A cutoff 5e-5 tol,NonbondedForce-ReciprocalSpace,CustomMTSLangevinMiddleIntegrator,3, 16.0,1e-06,     0.0
Villin PME  9A cutoff 5e-5 tol,NonbondedForce-ReciprocalSpace,CustomMTSLangevinMiddleIntegrator,3, 17.0,1e-06,     0.0
Villin PME  9A cutoff 5e-5 tol,NonbondedForce-ReciprocalSpace,CustomMTSLangevinMiddleIntegrator,3, 18.0,1e-06,     0.0
Villin PME  9A cutoff 5e-5 tol,NonbondedForce-ReciprocalSpace,CustomMTSLangevinMiddleIntegrator,3, 19.0,1e-06,     0.0
Villin PME  9A cutoff 5e-5 tol,NonbondedForce-ReciprocalSpace,CustomMTSLangevinMiddleIntegrator,3, 20.0,1e-06,     0.0
Villin PME  9A cutoff 5e-5 tol,NonbondedForce-ReciprocalSpace,CustomMTSLangevinMiddleIntegrator,3, 21.0,1e-06,     0.0
Villin PME  9A cutoff 5e-5 tol,NonbondedForce-ReciprocalSpace,CustomMTSLangevinMiddleIntegrator,3, 22.0,1e-06,     0.0
Villin PME  9A cutoff 5e-5 tol,NonbondedForce-ReciprocalSpace,CustomMTSLangevinMiddleIntegrator,3, 23.0,1e-06,     0.0
Villin PME  9A cutoff 5e-5 tol,NonbondedForce-ReciprocalSpace,CustomMTSLangevinMiddleIntegrator,3, 24.0,1e-06,     0.0
Villin PME  9A cutoff 5e-5 tol,NonbondedForce-ReciprocalSpace,CustomMTSLangevinMiddleIntegrator,3, 25.0,1e-06,     0.0
Villin PME  9A cutoff 5e-5 tol,NonbondedForce-ReciprocalSpace,CustomMTSLangevinMiddleIntegrator,3, 26.0,1e-06,     0.0
Villin PME  9A cutoff 5e-5 tol,NonbondedForce-ReciprocalSpace,CustomMTSLangevinMiddleIntegrator,3, 27.0,1e-06,     0.0
Villin PME  9A cutoff 5e-5 tol,NonbondedForce-ReciprocalSpace,CustomMTSLangevinMiddleIntegrator,5,  1.0,1e-06,    50.0
Villin PME  9A cutoff 5e-5 tol,NonbondedForce-ReciprocalSpace,CustomMTSLangevinMiddleIntegrator,5,  2.0,1e-06,    98.3
Villin PME  9A cutoff 5e-5 tol,NonbondedForce-ReciprocalSpace,CustomMTSLangevinMiddleIntegrator,5,  3.0,1e-06,   144.6
Villin PME  9A cutoff 5e-5 tol,NonbondedForce-ReciprocalSpace,CustomMTSLangevinMiddleIntegrator,5,  4.0,1e-06,   188.8
Villin PME  9A cutoff 5e-5 tol,NonbondedForce-ReciprocalSpace,CustomMTSLangevinMiddleIntegrator,5,  5.0,1e-06,   229.8
Villin PME  9A cutoff 5e-5 tol,NonbondedForce-ReciprocalSpace,CustomMTSLangevinMiddleIntegrator,5,  6.0,1e-06,   271.7
Villin PME  9A cutoff 5e-5 tol,NonbondedForce-ReciprocalSpace,CustomMTSLangevinMiddleIntegrator,5,  7.0,1e-06,   311.7
Villin PME  9A cutoff 5e-5 tol,NonbondedForce-ReciprocalSpace,CustomMTSLangevinMiddleIntegrator,5,  8.0,1e-06,   347.5
Villin PME  9A cutoff 5e-5 tol,NonbondedForce-ReciprocalSpace,CustomMTSLangevinMiddleIntegrator,5,  9.0,1e-06,   385.0
Villin PME  9A cutoff 5e-5 tol,NonbondedForce-ReciprocalSpace,CustomMTSLangevinMiddleIntegrator,5, 10.0,1e-06,   420.5
Villin PME  9A cutoff 5e-5 tol,NonbondedForce-ReciprocalSpace,CustomMTSLangevinMiddleIntegrator,5, 11.0,1e-06,   452.4
Villin PME  9A cutoff 5e-5 tol,NonbondedForce-ReciprocalSpace,CustomMTSLangevinMiddleIntegrator,5, 12.0,1e-06,   490.4
Villin PME  9A cutoff 5e-5 tol,NonbondedForce-ReciprocalSpace,CustomMTSLangevinMiddleIntegrator,5, 13.0,1e-06,   527.3
Villin PME  9A cutoff 5e-5 tol,NonbondedForce-ReciprocalSpace,CustomMTSLangevinMiddleIntegrator,5, 14.0,1e-06,   552.8
Villin PME  9A cutoff 5e-5 tol,NonbondedForce-ReciprocalSpace,CustomMTSLangevinMiddleIntegrator,5, 15.0,1e-06,   559.5
Villin PME  9A cutoff 5e-5 tol,NonbondedForce-ReciprocalSpace,CustomMTSLangevinMiddleIntegrator,5, 16.0,1e-06,   564.5
Villin PME  9A cutoff 5e-5 tol,NonbondedForce-ReciprocalSpace,CustomMTSLangevinMiddleIntegrator,5, 17.0,1e-06,   558.7
Villin PME  9A cutoff 5e-5 tol,NonbondedForce-ReciprocalSpace,CustomMTSLangevinMiddleIntegrator,5, 18.0,1e-06,     0.0
Villin PME  9A cutoff 5e-5 tol,NonbondedForce-ReciprocalSpace,CustomMTSLangevinMiddleIntegrator,5, 19.0,1e-06,     0.0
Villin PME  9A cutoff 5e-5 tol,NonbondedForce-ReciprocalSpace,CustomMTSLangevinMiddleIntegrator,5, 20.0,1e-06,     0.0
Villin PME  9A cutoff 5e-5 tol,NonbondedForce-ReciprocalSpace,CustomMTSLangevinMiddleIntegrator,5, 21.0,1e-06,     0.0
Villin PME  9A cutoff 5e-5 tol,NonbondedForce-ReciprocalSpace,CustomMTSLangevinMiddleIntegrator,5, 22.0,1e-06,     0.0
Villin PME  9A cutoff 5e-5 tol,NonbondedForce-ReciprocalSpace,CustomMTSLangevinMiddleIntegrator,5, 23.0,1e-06,     0.0
Villin PME  9A cutoff 5e-5 tol,NonbondedForce-ReciprocalSpace,CustomMTSLangevinMiddleIntegrator,5, 24.0,1e-06,     0.0
Villin PME  9A cutoff 5e-5 tol,NonbondedForce-ReciprocalSpace,CustomMTSLangevinMiddleIntegrator,5, 25.0,1e-06,     0.0
Villin PME  9A cutoff 5e-5 tol,NonbondedForce-ReciprocalSpace,CustomMTSLangevinMiddleIntegrator,5, 26.0,1e-06,     0.0
Villin PME  9A cutoff 5e-5 tol,NonbondedForce-ReciprocalSpace,CustomMTSLangevinMiddleIntegrator,5, 27.0,1e-06,     0.0
Villin PME  9A cutoff 1e-5 tol,none,openmm.LangevinMiddleIntegrator,1,  1.0,1e-06,    83.4
Villin PME  9A cutoff 1e-5 tol,none,CustomMTSLangevinMiddleIntegrator,1,  1.0,1e-06,    72.6
Villin PME  9A cutoff 1e-5 tol,none,openmm.LangevinMiddleIntegrator,1,  2.0,1e-06,   165.2
Villin PME  9A cutoff 1e-5 tol,none,CustomMTSLangevinMiddleIntegrator,1,  2.0,1e-06,   142.3
Villin PME  9A cutoff 1e-5 tol,none,openmm.LangevinMiddleIntegrator,1,  3.0,1e-06,   245.8
Villin PME  9A cutoff 1e-5 tol,none,CustomMTSLangevinMiddleIntegrator,1,  3.0,1e-06,   209.9
Villin PME  9A cutoff 1e-5 tol,none,openmm.LangevinMiddleIntegrator,1,  4.0,1e-06,   326.0
Villin PME  9A cutoff 1e-5 tol,none,CustomMTSLangevinMiddleIntegrator,1,  4.0,1e-06,   273.8
Villin PME  9A cutoff 1e-5 tol,none,openmm.LangevinMiddleIntegrator,1,  5.0,1e-06,     0.0
Villin PME  9A cutoff 1e-5 tol,none,CustomMTSLangevinMiddleIntegrator,1,  5.0,1e-06,     0.0
Villin PME  9A cutoff 1e-5 tol,none,openmm.LangevinMiddleIntegrator,1,  6.0,1e-06,     0.0
Villin PME  9A cutoff 1e-5 tol,none,CustomMTSLangevinMiddleIntegrator,1,  6.0,1e-06,     0.0
Villin PME  9A cutoff 1e-5 tol,none,openmm.LangevinMiddleIntegrator,1,  7.0,1e-06,     0.0
Villin PME  9A cutoff 1e-5 tol,none,CustomMTSLangevinMiddleIntegrator,1,  7.0,1e-06,     0.0
Villin PME  9A cutoff 1e-5 tol,none,openmm.LangevinMiddleIntegrator,1,  8.0,1e-06,     0.0
Villin PME  9A cutoff 1e-5 tol,none,CustomMTSLangevinMiddleIntegrator,1,  8.0,1e-06,     0.0
Villin PME  9A cutoff 1e-5 tol,none,openmm.LangevinMiddleIntegrator,1,  9.0,1e-06,     0.0
Villin PME  9A cutoff 1e-5 tol,none,CustomMTSLangevinMiddleIntegrator,1,  9.0,1e-06,     0.0
Villin PME  9A cutoff 1e-5 tol,none,openmm.LangevinMiddleIntegrator,1, 10.0,1e-06,     0.0
Villin PME  9A cutoff 1e-5 tol,none,CustomMTSLangevinMiddleIntegrator,1, 10.0,1e-06,     0.0
Villin PME  9A cutoff 1e-5 tol,none,openmm.LangevinMiddleIntegrator,1, 11.0,1e-06,     0.0
Villin PME  9A cutoff 1e-5 tol,none,CustomMTSLangevinMiddleIntegrator,1, 11.0,1e-06,     0.0
Villin PME  9A cutoff 1e-5 tol,none,openmm.LangevinMiddleIntegrator,1, 12.0,1e-06,     0.0
Villin PME  9A cutoff 1e-5 tol,none,CustomMTSLangevinMiddleIntegrator,1, 12.0,1e-06,     0.0
Villin PME  9A cutoff 1e-5 tol,none,openmm.LangevinMiddleIntegrator,1, 13.0,1e-06,     0.0
Villin PME  9A cutoff 1e-5 tol,none,CustomMTSLangevinMiddleIntegrator,1, 13.0,1e-06,     0.0
Villin PME  9A cutoff 1e-5 tol,none,openmm.LangevinMiddleIntegrator,1, 14.0,1e-06,     0.0
Villin PME  9A cutoff 1e-5 tol,none,CustomMTSLangevinMiddleIntegrator,1, 14.0,1e-06,     0.0
Villin PME  9A cutoff 1e-5 tol,none,openmm.LangevinMiddleIntegrator,1, 15.0,1e-06,     0.0
Villin PME  9A cutoff 1e-5 tol,none,CustomMTSLangevinMiddleIntegrator,1, 15.0,1e-06,     0.0
Villin PME  9A cutoff 1e-5 tol,none,openmm.LangevinMiddleIntegrator,1, 16.0,1e-06,     0.0
Villin PME  9A cutoff 1e-5 tol,none,CustomMTSLangevinMiddleIntegrator,1, 16.0,1e-06,     0.0
Villin PME  9A cutoff 1e-5 tol,none,openmm.LangevinMiddleIntegrator,1, 17.0,1e-06,     0.0
Villin PME  9A cutoff 1e-5 tol,none,CustomMTSLangevinMiddleIntegrator,1, 17.0,1e-06,     0.0
Villin PME  9A cutoff 1e-5 tol,none,openmm.LangevinMiddleIntegrator,1, 18.0,1e-06,     0.0
Villin PME  9A cutoff 1e-5 tol,none,CustomMTSLangevinMiddleIntegrator,1, 18.0,1e-06,     0.0
Villin PME  9A cutoff 1e-5 tol,none,openmm.LangevinMiddleIntegrator,1, 19.0,1e-06,     0.0
Villin PME  9A cutoff 1e-5 tol,none,CustomMTSLangevinMiddleIntegrator,1, 19.0,1e-06,     0.0
Villin PME  9A cutoff 1e-5 tol,none,openmm.LangevinMiddleIntegrator,1, 20.0,1e-06,     0.0
Villin PME  9A cutoff 1e-5 tol,none,CustomMTSLangevinMiddleIntegrator,1, 20.0,1e-06,     0.0
Villin PME  9A cutoff 1e-5 tol,none,openmm.LangevinMiddleIntegrator,1, 21.0,1e-06,     0.0
Villin PME  9A cutoff 1e-5 tol,none,CustomMTSLangevinMiddleIntegrator,1, 21.0,1e-06,     0.0
Villin PME  9A cutoff 1e-5 tol,none,openmm.LangevinMiddleIntegrator,1, 22.0,1e-06,     0.0
Villin PME  9A cutoff 1e-5 tol,none,CustomMTSLangevinMiddleIntegrator,1, 22.0,1e-06,     0.0
Villin PME  9A cutoff 1e-5 tol,none,openmm.LangevinMiddleIntegrator,1, 23.0,1e-06,     0.0
Villin PME  9A cutoff 1e-5 tol,none,CustomMTSLangevinMiddleIntegrator,1, 23.0,1e-06,     0.0
Villin PME  9A cutoff 1e-5 tol,none,openmm.LangevinMiddleIntegrator,1, 24.0,1e-06,     0.0
Villin PME  9A cutoff 1e-5 tol,none,CustomMTSLangevinMiddleIntegrator,1, 24.0,1e-06,     0.0
Villin PME  9A cutoff 1e-5 tol,none,openmm.LangevinMiddleIntegrator,1, 25.0,1e-06,     0.0
Villin PME  9A cutoff 1e-5 tol,none,CustomMTSLangevinMiddleIntegrator,1, 25.0,1e-06,     0.0
Villin PME  9A cutoff 1e-5 tol,none,openmm.LangevinMiddleIntegrator,1, 26.0,1e-06,     0.0
Villin PME  9A cutoff 1e-5 tol,none,CustomMTSLangevinMiddleIntegrator,1, 26.0,1e-06,     0.0
Villin PME  9A cutoff 1e-5 tol,none,openmm.LangevinMiddleIntegrator,1, 27.0,1e-06,     0.0
Villin PME  9A cutoff 1e-5 tol,none,CustomMTSLangevinMiddleIntegrator,1, 27.0,1e-06,     0.0
Villin PME  9A cutoff 1e-5 tol,NonbondedForce-ReciprocalSpace,CustomMTSLangevinMiddleIntegrator,3,  1.0,1e-06,    48.6
Villin PME  9A cutoff 1e-5 tol,NonbondedForce-ReciprocalSpace,CustomMTSLangevinMiddleIntegrator,3,  2.0,1e-06,    95.5
Villin PME  9A cutoff 1e-5 tol,NonbondedForce-ReciprocalSpace,CustomMTSLangevinMiddleIntegrator,3,  3.0,1e-06,   140.6
Villin PME  9A cutoff 1e-5 tol,NonbondedForce-ReciprocalSpace,CustomMTSLangevinMiddleIntegrator,3,  4.0,1e-06,   183.7
Villin PME  9A cutoff 1e-5 tol,NonbondedForce-ReciprocalSpace,CustomMTSLangevinMiddleIntegrator,3,  5.0,1e-06,   225.6
Villin PME  9A cutoff 1e-5 tol,NonbondedForce-ReciprocalSpace,CustomMTSLangevinMiddleIntegrator,3,  6.0,1e-06,   266.3
Villin PME  9A cutoff 1e-5 tol,NonbondedForce-ReciprocalSpace,CustomMTSLangevinMiddleIntegrator,3,  7.0,1e-06,   305.1
Villin PME  9A cutoff 1e-5 tol,NonbondedForce-ReciprocalSpace,CustomMTSLangevinMiddleIntegrator,3,  8.0,1e-06,   345.2
Villin PME  9A cutoff 1e-5 tol,NonbondedForce-ReciprocalSpace,CustomMTSLangevinMiddleIntegrator,3,  9.0,1e-06,   383.2
Villin PME  9A cutoff 1e-5 tol,NonbondedForce-ReciprocalSpace,CustomMTSLangevinMiddleIntegrator,3, 10.0,1e-06,   411.4
Villin PME  9A cutoff 1e-5 tol,NonbondedForce-ReciprocalSpace,CustomMTSLangevinMiddleIntegrator,3, 11.0,1e-06,   451.8
Villin PME  9A cutoff 1e-5 tol,NonbondedForce-ReciprocalSpace,CustomMTSLangevinMiddleIntegrator,3, 12.0,1e-06,   490.1
Villin PME  9A cutoff 1e-5 tol,NonbondedForce-ReciprocalSpace,CustomMTSLangevinMiddleIntegrator,3, 13.0,1e-06,   527.8
Villin PME  9A cutoff 1e-5 tol,NonbondedForce-ReciprocalSpace,CustomMTSLangevinMiddleIntegrator,3, 14.0,1e-06,     0.0
Villin PME  9A cutoff 1e-5 tol,NonbondedForce-ReciprocalSpace,CustomMTSLangevinMiddleIntegrator,3, 15.0,1e-06,     0.0
Villin PME  9A cutoff 1e-5 tol,NonbondedForce-ReciprocalSpace,CustomMTSLangevinMiddleIntegrator,3, 16.0,1e-06,     0.0
Villin PME  9A cutoff 1e-5 tol,NonbondedForce-ReciprocalSpace,CustomMTSLangevinMiddleIntegrator,3, 17.0,1e-06,     0.0
Villin PME  9A cutoff 1e-5 tol,NonbondedForce-ReciprocalSpace,CustomMTSLangevinMiddleIntegrator,3, 18.0,1e-06,     0.0
Villin PME  9A cutoff 1e-5 tol,NonbondedForce-ReciprocalSpace,CustomMTSLangevinMiddleIntegrator,3, 19.0,1e-06,     0.0
Villin PME  9A cutoff 1e-5 tol,NonbondedForce-ReciprocalSpace,CustomMTSLangevinMiddleIntegrator,3, 20.0,1e-06,     0.0
Villin PME  9A cutoff 1e-5 tol,NonbondedForce-ReciprocalSpace,CustomMTSLangevinMiddleIntegrator,3, 21.0,1e-06,     0.0
Villin PME  9A cutoff 1e-5 tol,NonbondedForce-ReciprocalSpace,CustomMTSLangevinMiddleIntegrator,3, 22.0,1e-06,     0.0
Villin PME  9A cutoff 1e-5 tol,NonbondedForce-ReciprocalSpace,CustomMTSLangevinMiddleIntegrator,3, 23.0,1e-06,     0.0
Villin PME  9A cutoff 1e-5 tol,NonbondedForce-ReciprocalSpace,CustomMTSLangevinMiddleIntegrator,3, 24.0,1e-06,     0.0
Villin PME  9A cutoff 1e-5 tol,NonbondedForce-ReciprocalSpace,CustomMTSLangevinMiddleIntegrator,3, 25.0,1e-06,     0.0
Villin PME  9A cutoff 1e-5 tol,NonbondedForce-ReciprocalSpace,CustomMTSLangevinMiddleIntegrator,3, 26.0,1e-06,     0.0
Villin PME  9A cutoff 1e-5 tol,NonbondedForce-ReciprocalSpace,CustomMTSLangevinMiddleIntegrator,3, 27.0,1e-06,     0.0
Villin PME  9A cutoff 1e-5 tol,NonbondedForce-ReciprocalSpace,CustomMTSLangevinMiddleIntegrator,5,  1.0,1e-06,    35.8
Villin PME  9A cutoff 1e-5 tol,NonbondedForce-ReciprocalSpace,CustomMTSLangevinMiddleIntegrator,5,  2.0,1e-06,    70.4
Villin PME  9A cutoff 1e-5 tol,NonbondedForce-ReciprocalSpace,CustomMTSLangevinMiddleIntegrator,5,  3.0,1e-06,   103.8
Villin PME  9A cutoff 1e-5 tol,NonbondedForce-ReciprocalSpace,CustomMTSLangevinMiddleIntegrator,5,  4.0,1e-06,   136.7
Villin PME  9A cutoff 1e-5 tol,NonbondedForce-ReciprocalSpace,CustomMTSLangevinMiddleIntegrator,5,  5.0,1e-06,   168.2
Villin PME  9A cutoff 1e-5 tol,NonbondedForce-ReciprocalSpace,CustomMTSLangevinMiddleIntegrator,5,  6.0,1e-06,   198.3
Villin PME  9A cutoff 1e-5 tol,NonbondedForce-ReciprocalSpace,CustomMTSLangevinMiddleIntegrator,5,  7.0,1e-06,   228.9
Villin PME  9A cutoff 1e-5 tol,NonbondedForce-ReciprocalSpace,CustomMTSLangevinMiddleIntegrator,5,  8.0,1e-06,   257.1
Villin PME  9A cutoff 1e-5 tol,NonbondedForce-ReciprocalSpace,CustomMTSLangevinMiddleIntegrator,5,  9.0,1e-06,   286.3
Villin PME  9A cutoff 1e-5 tol,NonbondedForce-ReciprocalSpace,CustomMTSLangevinMiddleIntegrator,5, 10.0,1e-06,   314.9
Villin PME  9A cutoff 1e-5 tol,NonbondedForce-ReciprocalSpace,CustomMTSLangevinMiddleIntegrator,5, 11.0,1e-06,   337.7
Villin PME  9A cutoff 1e-5 tol,NonbondedForce-ReciprocalSpace,CustomMTSLangevinMiddleIntegrator,5, 12.0,1e-06,   366.3
Villin PME  9A cutoff 1e-5 tol,NonbondedForce-ReciprocalSpace,CustomMTSLangevinMiddleIntegrator,5, 13.0,1e-06,   395.7
Villin PME  9A cutoff 1e-5 tol,NonbondedForce-ReciprocalSpace,CustomMTSLangevinMiddleIntegrator,5, 14.0,1e-06,   416.1
Villin PME  9A cutoff 1e-5 tol,NonbondedForce-ReciprocalSpace,CustomMTSLangevinMiddleIntegrator,5, 15.0,1e-06,   430.0
Villin PME  9A cutoff 1e-5 tol,NonbondedForce-ReciprocalSpace,CustomMTSLangevinMiddleIntegrator,5, 16.0,1e-06,   430.4
Villin PME  9A cutoff 1e-5 tol,NonbondedForce-ReciprocalSpace,CustomMTSLangevinMiddleIntegrator,5, 17.0,1e-06,   427.5
Villin PME  9A cutoff 1e-5 tol,NonbondedForce-ReciprocalSpace,CustomMTSLangevinMiddleIntegrator,5, 18.0,1e-06,     0.0
Villin PME  9A cutoff 1e-5 tol,NonbondedForce-ReciprocalSpace,CustomMTSLangevinMiddleIntegrator,5, 19.0,1e-06,     0.0
Villin PME  9A cutoff 1e-5 tol,NonbondedForce-ReciprocalSpace,CustomMTSLangevinMiddleIntegrator,5, 20.0,1e-06,     0.0
Villin PME  9A cutoff 1e-5 tol,NonbondedForce-ReciprocalSpace,CustomMTSLangevinMiddleIntegrator,5, 21.0,1e-06,     0.0
Villin PME  9A cutoff 1e-5 tol,NonbondedForce-ReciprocalSpace,CustomMTSLangevinMiddleIntegrator,5, 22.0,1e-06,     0.0
Villin PME  9A cutoff 1e-5 tol,NonbondedForce-ReciprocalSpace,CustomMTSLangevinMiddleIntegrator,5, 23.0,1e-06,     0.0
Villin PME  9A cutoff 1e-5 tol,NonbondedForce-ReciprocalSpace,CustomMTSLangevinMiddleIntegrator,5, 24.0,1e-06,     0.0
Villin PME  9A cutoff 1e-5 tol,NonbondedForce-ReciprocalSpace,CustomMTSLangevinMiddleIntegrator,5, 25.0,1e-06,     0.0
Villin PME  9A cutoff 1e-5 tol,NonbondedForce-ReciprocalSpace,CustomMTSLangevinMiddleIntegrator,5, 26.0,1e-06,     0.0
Villin PME  9A cutoff 1e-5 tol,NonbondedForce-ReciprocalSpace,CustomMTSLangevinMiddleIntegrator,5, 27.0,1e-06,     0.0
Villin PME 12A cutoff 5e-4 tol,none,openmm.LangevinMiddleIntegrator,1,  1.0,1e-06,   161.6
Villin PME 12A cutoff 5e-4 tol,none,CustomMTSLangevinMiddleIntegrator,1,  1.0,1e-06,   151.2
Villin PME 12A cutoff 5e-4 tol,none,openmm.LangevinMiddleIntegrator,1,  2.0,1e-06,   338.1
Villin PME 12A cutoff 5e-4 tol,none,CustomMTSLangevinMiddleIntegrator,1,  2.0,1e-06,   286.7
Villin PME 12A cutoff 5e-4 tol,none,openmm.LangevinMiddleIntegrator,1,  3.0,1e-06,   474.8
Villin PME 12A cutoff 5e-4 tol,none,CustomMTSLangevinMiddleIntegrator,1,  3.0,1e-06,   407.5
Villin PME 12A cutoff 5e-4 tol,none,openmm.LangevinMiddleIntegrator,1,  4.0,1e-06,   611.3
Villin PME 12A cutoff 5e-4 tol,none,CustomMTSLangevinMiddleIntegrator,1,  4.0,1e-06,   520.8
Villin PME 12A cutoff 5e-4 tol,none,openmm.LangevinMiddleIntegrator,1,  5.0,1e-06,     0.0
Villin PME 12A cutoff 5e-4 tol,none,CustomMTSLangevinMiddleIntegrator,1,  5.0,1e-06,     0.0
Villin PME 12A cutoff 5e-4 tol,none,openmm.LangevinMiddleIntegrator,1,  6.0,1e-06,     0.0
Villin PME 12A cutoff 5e-4 tol,none,CustomMTSLangevinMiddleIntegrator,1,  6.0,1e-06,     0.0
Villin PME 12A cutoff 5e-4 tol,none,openmm.LangevinMiddleIntegrator,1,  7.0,1e-06,     0.0
Villin PME 12A cutoff 5e-4 tol,none,CustomMTSLangevinMiddleIntegrator,1,  7.0,1e-06,     0.0
Villin PME 12A cutoff 5e-4 tol,none,openmm.LangevinMiddleIntegrator,1,  8.0,1e-06,     0.0
Villin PME 12A cutoff 5e-4 tol,none,CustomMTSLangevinMiddleIntegrator,1,  8.0,1e-06,     0.0
Villin PME 12A cutoff 5e-4 tol,none,openmm.LangevinMiddleIntegrator,1,  9.0,1e-06,     0.0
Villin PME 12A cutoff 5e-4 tol,none,CustomMTSLangevinMiddleIntegrator,1,  9.0,1e-06,     0.0
Villin PME 12A cutoff 5e-4 tol,none,openmm.LangevinMiddleIntegrator,1, 10.0,1e-06,     0.0
Villin PME 12A cutoff 5e-4 tol,none,CustomMTSLangevinMiddleIntegrator,1, 10.0,1e-06,     0.0
Villin PME 12A cutoff 5e-4 tol,none,openmm.LangevinMiddleIntegrator,1, 11.0,1e-06,     0.0
Villin PME 12A cutoff 5e-4 tol,none,CustomMTSLangevinMiddleIntegrator,1, 11.0,1e-06,     0.0
Villin PME 12A cutoff 5e-4 tol,none,openmm.LangevinMiddleIntegrator,1, 12.0,1e-06,     0.0
Villin PME 12A cutoff 5e-4 tol,none,CustomMTSLangevinMiddleIntegrator,1, 12.0,1e-06,     0.0
Villin PME 12A cutoff 5e-4 tol,none,openmm.LangevinMiddleIntegrator,1, 13.0,1e-06,     0.0
Villin PME 12A cutoff 5e-4 tol,none,CustomMTSLangevinMiddleIntegrator,1, 13.0,1e-06,     0.0
Villin PME 12A cutoff 5e-4 tol,none,openmm.LangevinMiddleIntegrator,1, 14.0,1e-06,     0.0
Villin PME 12A cutoff 5e-4 tol,none,CustomMTSLangevinMiddleIntegrator,1, 14.0,1e-06,     0.0
Villin PME 12A cutoff 5e-4 tol,none,openmm.LangevinMiddleIntegrator,1, 15.0,1e-06,     0.0
Villin PME 12A cutoff 5e-4 tol,none,CustomMTSLangevinMiddleIntegrator,1, 15.0,1e-06,     0.0
Villin PME 12A cutoff 5e-4 tol,none,openmm.LangevinMiddleIntegrator,1, 16.0,1e-06,     0.0
Villin PME 12A cutoff 5e-4 tol,none,CustomMTSLangevinMiddleIntegrator,1, 16.0,1e-06,     0.0
Villin PME 12A cutoff 5e-4 tol,none,openmm.LangevinMiddleIntegrator,1, 17.0,1e-06,     0.0
Villin PME 12A cutoff 5e-4 tol,none,CustomMTSLangevinMiddleIntegrator,1, 17.0,1e-06,     0.0
Villin PME 12A cutoff 5e-4 tol,none,openmm.LangevinMiddleIntegrator,1, 18.0,1e-06,     0.0
Villin PME 12A cutoff 5e-4 tol,none,CustomMTSLangevinMiddleIntegrator,1, 18.0,1e-06,     0.0
Villin PME 12A cutoff 5e-4 tol,none,openmm.LangevinMiddleIntegrator,1, 19.0,1e-06,     0.0
Villin PME 12A cutoff 5e-4 tol,none,CustomMTSLangevinMiddleIntegrator,1, 19.0,1e-06,     0.0
Villin PME 12A cutoff 5e-4 tol,none,openmm.LangevinMiddleIntegrator,1, 20.0,1e-06,     0.0
Villin PME 12A cutoff 5e-4 tol,none,CustomMTSLangevinMiddleIntegrator,1, 20.0,1e-06,     0.0
Villin PME 12A cutoff 5e-4 tol,none,openmm.LangevinMiddleIntegrator,1, 21.0,1e-06,     0.0
Villin PME 12A cutoff 5e-4 tol,none,CustomMTSLangevinMiddleIntegrator,1, 21.0,1e-06,     0.0
Villin PME 12A cutoff 5e-4 tol,none,openmm.LangevinMiddleIntegrator,1, 22.0,1e-06,     0.0
Villin PME 12A cutoff 5e-4 tol,none,CustomMTSLangevinMiddleIntegrator,1, 22.0,1e-06,     0.0
Villin PME 12A cutoff 5e-4 tol,none,openmm.LangevinMiddleIntegrator,1, 23.0,1e-06,     0.0
Villin PME 12A cutoff 5e-4 tol,none,CustomMTSLangevinMiddleIntegrator,1, 23.0,1e-06,     0.0
Villin PME 12A cutoff 5e-4 tol,none,openmm.LangevinMiddleIntegrator,1, 24.0,1e-06,     0.0
Villin PME 12A cutoff 5e-4 tol,none,CustomMTSLangevinMiddleIntegrator,1, 24.0,1e-06,     0.0
Villin PME 12A cutoff 5e-4 tol,none,openmm.LangevinMiddleIntegrator,1, 25.0,1e-06,     0.0
Villin PME 12A cutoff 5e-4 tol,none,CustomMTSLangevinMiddleIntegrator,1, 25.0,1e-06,     0.0
Villin PME 12A cutoff 5e-4 tol,none,openmm.LangevinMiddleIntegrator,1, 26.0,1e-06,     0.0
Villin PME 12A cutoff 5e-4 tol,none,CustomMTSLangevinMiddleIntegrator,1, 26.0,1e-06,     0.0
Villin PME 12A cutoff 5e-4 tol,none,openmm.LangevinMiddleIntegrator,1, 27.0,1e-06,     0.0
Villin PME 12A cutoff 5e-4 tol,none,CustomMTSLangevinMiddleIntegrator,1, 27.0,1e-06,     0.0
Villin PME 12A cutoff 5e-4 tol,NonbondedForce-ReciprocalSpace,CustomMTSLangevinMiddleIntegrator,3,  1.0,1e-06,    66.8
Villin PME 12A cutoff 5e-4 tol,NonbondedForce-ReciprocalSpace,CustomMTSLangevinMiddleIntegrator,3,  2.0,1e-06,   130.8
Villin PME 12A cutoff 5e-4 tol,NonbondedForce-ReciprocalSpace,CustomMTSLangevinMiddleIntegrator,3,  3.0,1e-06,   190.6
Villin PME 12A cutoff 5e-4 tol,NonbondedForce-ReciprocalSpace,CustomMTSLangevinMiddleIntegrator,3,  4.0,1e-06,   245.5
Villin PME 12A cutoff 5e-4 tol,NonbondedForce-ReciprocalSpace,CustomMTSLangevinMiddleIntegrator,3,  5.0,1e-06,   298.4
Villin PME 12A cutoff 5e-4 tol,NonbondedForce-ReciprocalSpace,CustomMTSLangevinMiddleIntegrator,3,  6.0,1e-06,   350.3
Villin PME 12A cutoff 5e-4 tol,NonbondedForce-ReciprocalSpace,CustomMTSLangevinMiddleIntegrator,3,  7.0,1e-06,   402.4
Villin PME 12A cutoff 5e-4 tol,NonbondedForce-ReciprocalSpace,CustomMTSLangevinMiddleIntegrator,3,  8.0,1e-06,   444.8
Villin PME 12A cutoff 5e-4 tol,NonbondedForce-ReciprocalSpace,CustomMTSLangevinMiddleIntegrator,3,  9.0,1e-06,   483.0
Villin PME 12A cutoff 5e-4 tol,NonbondedForce-ReciprocalSpace,CustomMTSLangevinMiddleIntegrator,3, 10.0,1e-06,   529.9
Villin PME 12A cutoff 5e-4 tol,NonbondedForce-ReciprocalSpace,CustomMTSLangevinMiddleIntegrator,3, 11.0,1e-06,   582.6
Villin PME 12A cutoff 5e-4 tol,NonbondedForce-ReciprocalSpace,CustomMTSLangevinMiddleIntegrator,3, 12.0,1e-06,   610.4
Villin PME 12A cutoff 5e-4 tol,NonbondedForce-ReciprocalSpace,CustomMTSLangevinMiddleIntegrator,3, 13.0,1e-06,   631.4
Villin PME 12A cutoff 5e-4 tol,NonbondedForce-ReciprocalSpace,CustomMTSLangevinMiddleIntegrator,3, 14.0,1e-06,     0.0
Villin PME 12A cutoff 5e-4 tol,NonbondedForce-ReciprocalSpace,CustomMTSLangevinMiddleIntegrator,3, 15.0,1e-06,     0.0
Villin PME 12A cutoff 5e-4 tol,NonbondedForce-ReciprocalSpace,CustomMTSLangevinMiddleIntegrator,3, 16.0,1e-06,     0.0
Villin PME 12A cutoff 5e-4 tol,NonbondedForce-ReciprocalSpace,CustomMTSLangevinMiddleIntegrator,3, 17.0,1e-06,     0.0
Villin PME 12A cutoff 5e-4 tol,NonbondedForce-ReciprocalSpace,CustomMTSLangevinMiddleIntegrator,3, 18.0,1e-06,     0.0
Villin PME 12A cutoff 5e-4 tol,NonbondedForce-ReciprocalSpace,CustomMTSLangevinMiddleIntegrator,3, 19.0,1e-06,     0.0
Villin PME 12A cutoff 5e-4 tol,NonbondedForce-ReciprocalSpace,CustomMTSLangevinMiddleIntegrator,3, 20.0,1e-06,     0.0
Villin PME 12A cutoff 5e-4 tol,NonbondedForce-ReciprocalSpace,CustomMTSLangevinMiddleIntegrator,3, 21.0,1e-06,     0.0
Villin PME 12A cutoff 5e-4 tol,NonbondedForce-ReciprocalSpace,CustomMTSLangevinMiddleIntegrator,3, 22.0,1e-06,     0.0
Villin PME 12A cutoff 5e-4 tol,NonbondedForce-ReciprocalSpace,CustomMTSLangevinMiddleIntegrator,3, 23.0,1e-06,     0.0
Villin PME 12A cutoff 5e-4 tol,NonbondedForce-ReciprocalSpace,CustomMTSLangevinMiddleIntegrator,3, 24.0,1e-06,     0.0
Villin PME 12A cutoff 5e-4 tol,NonbondedForce-ReciprocalSpace,CustomMTSLangevinMiddleIntegrator,3, 25.0,1e-06,     0.0
Villin PME 12A cutoff 5e-4 tol,NonbondedForce-ReciprocalSpace,CustomMTSLangevinMiddleIntegrator,3, 26.0,1e-06,     0.0
Villin PME 12A cutoff 5e-4 tol,NonbondedForce-ReciprocalSpace,CustomMTSLangevinMiddleIntegrator,3, 27.0,1e-06,     0.0
Villin PME 12A cutoff 5e-4 tol,NonbondedForce-ReciprocalSpace,CustomMTSLangevinMiddleIntegrator,5,  1.0,1e-06,    42.4
Villin PME 12A cutoff 5e-4 tol,NonbondedForce-ReciprocalSpace,CustomMTSLangevinMiddleIntegrator,5,  2.0,1e-06,    83.6
Villin PME 12A cutoff 5e-4 tol,NonbondedForce-ReciprocalSpace,CustomMTSLangevinMiddleIntegrator,5,  3.0,1e-06,   123.0
Villin PME 12A cutoff 5e-4 tol,NonbondedForce-ReciprocalSpace,CustomMTSLangevinMiddleIntegrator,5,  4.0,1e-06,   158.9
Villin PME 12A cutoff 5e-4 tol,NonbondedForce-ReciprocalSpace,CustomMTSLangevinMiddleIntegrator,5,  5.0,1e-06,   196.3
Villin PME 12A cutoff 5e-4 tol,NonbondedForce-ReciprocalSpace,CustomMTSLangevinMiddleIntegrator,5,  6.0,1e-06,   230.6
Villin PME 12A cutoff 5e-4 tol,NonbondedForce-ReciprocalSpace,CustomMTSLangevinMiddleIntegrator,5,  7.0,1e-06,   261.8
Villin PME 12A cutoff 5e-4 tol,NonbondedForce-ReciprocalSpace,CustomMTSLangevinMiddleIntegrator,5,  8.0,1e-06,   296.5
Villin PME 12A cutoff 5e-4 tol,NonbondedForce-ReciprocalSpace,CustomMTSLangevinMiddleIntegrator,5,  9.0,1e-06,   327.9
Villin PME 12A cutoff 5e-4 tol,NonbondedForce-ReciprocalSpace,CustomMTSLangevinMiddleIntegrator,5, 10.0,1e-06,   357.4
Villin PME 12A cutoff 5e-4 tol,NonbondedForce-ReciprocalSpace,CustomMTSLangevinMiddleIntegrator,5, 11.0,1e-06,   385.3
Villin PME 12A cutoff 5e-4 tol,NonbondedForce-ReciprocalSpace,CustomMTSLangevinMiddleIntegrator,5, 12.0,1e-06,   408.7
Villin PME 12A cutoff 5e-4 tol,NonbondedForce-ReciprocalSpace,CustomMTSLangevinMiddleIntegrator,5, 13.0,1e-06,   440.3
Villin PME 12A cutoff 5e-4 tol,NonbondedForce-ReciprocalSpace,CustomMTSLangevinMiddleIntegrator,5, 14.0,1e-06,   461.9
Villin PME 12A cutoff 5e-4 tol,NonbondedForce-ReciprocalSpace,CustomMTSLangevinMiddleIntegrator,5, 15.0,1e-06,   488.7
Villin PME 12A cutoff 5e-4 tol,NonbondedForce-ReciprocalSpace,CustomMTSLangevinMiddleIntegrator,5, 16.0,1e-06,   516.8
Villin PME 12A cutoff 5e-4 tol,NonbondedForce-ReciprocalSpace,CustomMTSLangevinMiddleIntegrator,5, 17.0,1e-06,   494.5
Villin PME 12A cutoff 5e-4 tol,NonbondedForce-ReciprocalSpace,CustomMTSLangevinMiddleIntegrator,5, 18.0,1e-06,   473.5
Villin PME 12A cutoff 5e-4 tol,NonbondedForce-ReciprocalSpace,CustomMTSLangevinMiddleIntegrator,5, 19.0,1e-06,     0.0
Villin PME 12A cutoff 5e-4 tol,NonbondedForce-ReciprocalSpace,CustomMTSLangevinMiddleIntegrator,5, 20.0,1e-06,     0.0
Villin PME 12A cutoff 5e-4 tol,NonbondedForce-ReciprocalSpace,CustomMTSLangevinMiddleIntegrator,5, 21.0,1e-06,     0.0
Villin PME 12A cutoff 5e-4 tol,NonbondedForce-ReciprocalSpace,CustomMTSLangevinMiddleIntegrator,5, 22.0,1e-06,     0.0
Villin PME 12A cutoff 5e-4 tol,NonbondedForce-ReciprocalSpace,CustomMTSLangevinMiddleIntegrator,5, 23.0,1e-06,     0.0
Villin PME 12A cutoff 5e-4 tol,NonbondedForce-ReciprocalSpace,CustomMTSLangevinMiddleIntegrator,5, 24.0,1e-06,     0.0
Villin PME 12A cutoff 5e-4 tol,NonbondedForce-ReciprocalSpace,CustomMTSLangevinMiddleIntegrator,5, 25.0,1e-06,     0.0
Villin PME 12A cutoff 5e-4 tol,NonbondedForce-ReciprocalSpace,CustomMTSLangevinMiddleIntegrator,5, 26.0,1e-06,     0.0
Villin PME 12A cutoff 5e-4 tol,NonbondedForce-ReciprocalSpace,CustomMTSLangevinMiddleIntegrator,5, 27.0,1e-06,     0.0
Villin PME 12A cutoff 1e-4 tol,none,openmm.LangevinMiddleIntegrator,1,  1.0,1e-06,   141.7
Villin PME 12A cutoff 1e-4 tol,none,CustomMTSLangevinMiddleIntegrator,1,  1.0,1e-06,   142.3
Villin PME 12A cutoff 1e-4 tol,none,openmm.LangevinMiddleIntegrator,1,  2.0,1e-06,   317.1
Villin PME 12A cutoff 1e-4 tol,none,CustomMTSLangevinMiddleIntegrator,1,  2.0,1e-06,   269.3
Villin PME 12A cutoff 1e-4 tol,none,openmm.LangevinMiddleIntegrator,1,  3.0,1e-06,   452.0
Villin PME 12A cutoff 1e-4 tol,none,CustomMTSLangevinMiddleIntegrator,1,  3.0,1e-06,   387.4
Villin PME 12A cutoff 1e-4 tol,none,openmm.LangevinMiddleIntegrator,1,  4.0,1e-06,   578.2
Villin PME 12A cutoff 1e-4 tol,none,CustomMTSLangevinMiddleIntegrator,1,  4.0,1e-06,   501.0
Villin PME 12A cutoff 1e-4 tol,none,openmm.LangevinMiddleIntegrator,1,  5.0,1e-06,     0.0
Villin PME 12A cutoff 1e-4 tol,none,CustomMTSLangevinMiddleIntegrator,1,  5.0,1e-06,     0.0
Villin PME 12A cutoff 1e-4 tol,none,openmm.LangevinMiddleIntegrator,1,  6.0,1e-06,     0.0
Villin PME 12A cutoff 1e-4 tol,none,CustomMTSLangevinMiddleIntegrator,1,  6.0,1e-06,     0.0
Villin PME 12A cutoff 1e-4 tol,none,openmm.LangevinMiddleIntegrator,1,  7.0,1e-06,     0.0
Villin PME 12A cutoff 1e-4 tol,none,CustomMTSLangevinMiddleIntegrator,1,  7.0,1e-06,     0.0
Villin PME 12A cutoff 1e-4 tol,none,openmm.LangevinMiddleIntegrator,1,  8.0,1e-06,     0.0
Villin PME 12A cutoff 1e-4 tol,none,CustomMTSLangevinMiddleIntegrator,1,  8.0,1e-06,     0.0
Villin PME 12A cutoff 1e-4 tol,none,openmm.LangevinMiddleIntegrator,1,  9.0,1e-06,     0.0
Villin PME 12A cutoff 1e-4 tol,none,CustomMTSLangevinMiddleIntegrator,1,  9.0,1e-06,     0.0
Villin PME 12A cutoff 1e-4 tol,none,openmm.LangevinMiddleIntegrator,1, 10.0,1e-06,     0.0
Villin PME 12A cutoff 1e-4 tol,none,CustomMTSLangevinMiddleIntegrator,1, 10.0,1e-06,     0.0
Villin PME 12A cutoff 1e-4 tol,none,openmm.LangevinMiddleIntegrator,1, 11.0,1e-06,     0.0
Villin PME 12A cutoff 1e-4 tol,none,CustomMTSLangevinMiddleIntegrator,1, 11.0,1e-06,     0.0
Villin PME 12A cutoff 1e-4 tol,none,openmm.LangevinMiddleIntegrator,1, 12.0,1e-06,     0.0
Villin PME 12A cutoff 1e-4 tol,none,CustomMTSLangevinMiddleIntegrator,1, 12.0,1e-06,     0.0
Villin PME 12A cutoff 1e-4 tol,none,openmm.LangevinMiddleIntegrator,1, 13.0,1e-06,     0.0
Villin PME 12A cutoff 1e-4 tol,none,CustomMTSLangevinMiddleIntegrator,1, 13.0,1e-06,     0.0
Villin PME 12A cutoff 1e-4 tol,none,openmm.LangevinMiddleIntegrator,1, 14.0,1e-06,     0.0
Villin PME 12A cutoff 1e-4 tol,none,CustomMTSLangevinMiddleIntegrator,1, 14.0,1e-06,     0.0
Villin PME 12A cutoff 1e-4 tol,none,openmm.LangevinMiddleIntegrator,1, 15.0,1e-06,     0.0
Villin PME 12A cutoff 1e-4 tol,none,CustomMTSLangevinMiddleIntegrator,1, 15.0,1e-06,     0.0
Villin PME 12A cutoff 1e-4 tol,none,openmm.LangevinMiddleIntegrator,1, 16.0,1e-06,     0.0
Villin PME 12A cutoff 1e-4 tol,none,CustomMTSLangevinMiddleIntegrator,1, 16.0,1e-06,     0.0
Villin PME 12A cutoff 1e-4 tol,none,openmm.LangevinMiddleIntegrator,1, 17.0,1e-06,     0.0
Villin PME 12A cutoff 1e-4 tol,none,CustomMTSLangevinMiddleIntegrator,1, 17.0,1e-06,     0.0
Villin PME 12A cutoff 1e-4 tol,none,openmm.LangevinMiddleIntegrator,1, 18.0,1e-06,     0.0
Villin PME 12A cutoff 1e-4 tol,none,CustomMTSLangevinMiddleIntegrator,1, 18.0,1e-06,     0.0
Villin PME 12A cutoff 1e-4 tol,none,openmm.LangevinMiddleIntegrator,1, 19.0,1e-06,     0.0
Villin PME 12A cutoff 1e-4 tol,none,CustomMTSLangevinMiddleIntegrator,1, 19.0,1e-06,     0.0
Villin PME 12A cutoff 1e-4 tol,none,openmm.LangevinMiddleIntegrator,1, 20.0,1e-06,     0.0
Villin PME 12A cutoff 1e-4 tol,none,CustomMTSLangevinMiddleIntegrator,1, 20.0,1e-06,     0.0
Villin PME 12A cutoff 1e-4 tol,none,openmm.LangevinMiddleIntegrator,1, 21.0,1e-06,     0.0
Villin PME 12A cutoff 1e-4 tol,none,CustomMTSLangevinMiddleIntegrator,1, 21.0,1e-06,     0.0
Villin PME 12A cutoff 1e-4 tol,none,openmm.LangevinMiddleIntegrator,1, 22.0,1e-06,     0.0
Villin PME 12A cutoff 1e-4 tol,none,CustomMTSLangevinMiddleIntegrator,1, 22.0,1e-06,     0.0
Villin PME 12A cutoff 1e-4 tol,none,openmm.LangevinMiddleIntegrator,1, 23.0,1e-06,     0.0
Villin PME 12A cutoff 1e-4 tol,none,CustomMTSLangevinMiddleIntegrator,1, 23.0,1e-06,     0.0
Villin PME 12A cutoff 1e-4 tol,none,openmm.LangevinMiddleIntegrator,1, 24.0,1e-06,     0.0
Villin PME 12A cutoff 1e-4 tol,none,CustomMTSLangevinMiddleIntegrator,1, 24.0,1e-06,     0.0
Villin PME 12A cutoff 1e-4 tol,none,openmm.LangevinMiddleIntegrator,1, 25.0,1e-06,     0.0
Villin PME 12A cutoff 1e-4 tol,none,CustomMTSLangevinMiddleIntegrator,1, 25.0,1e-06,     0.0
Villin PME 12A cutoff 1e-4 tol,none,openmm.LangevinMiddleIntegrator,1, 26.0,1e-06,     0.0
Villin PME 12A cutoff 1e-4 tol,none,CustomMTSLangevinMiddleIntegrator,1, 26.0,1e-06,     0.0
Villin PME 12A cutoff 1e-4 tol,none,openmm.LangevinMiddleIntegrator,1, 27.0,1e-06,     0.0
Villin PME 12A cutoff 1e-4 tol,none,CustomMTSLangevinMiddleIntegrator,1, 27.0,1e-06,     0.0
Villin PME 12A cutoff 1e-4 tol,NonbondedForce-ReciprocalSpace,CustomMTSLangevinMiddleIntegrator,3,  1.0,1e-06,    65.4
Villin PME 12A cutoff 1e-4 tol,NonbondedForce-ReciprocalSpace,CustomMTSLangevinMiddleIntegrator,3,  2.0,1e-06,   126.8
Villin PME 12A cutoff 1e-4 tol,NonbondedForce-ReciprocalSpace,CustomMTSLangevinMiddleIntegrator,3,  3.0,1e-06,   183.6
Villin PME 12A cutoff 1e-4 tol,NonbondedForce-ReciprocalSpace,CustomMTSLangevinMiddleIntegrator,3,  4.0,1e-06,   239.5
Villin PME 12A cutoff 1e-4 tol,NonbondedForce-ReciprocalSpace,CustomMTSLangevinMiddleIntegrator,3,  5.0,1e-06,   292.9
Villin PME 12A cutoff 1e-4 tol,NonbondedForce-ReciprocalSpace,CustomMTSLangevinMiddleIntegrator,3,  6.0,1e-06,   341.3
Villin PME 12A cutoff 1e-4 tol,NonbondedForce-ReciprocalSpace,CustomMTSLangevinMiddleIntegrator,3,  7.0,1e-06,   388.5
Villin PME 12A cutoff 1e-4 tol,NonbondedForce-ReciprocalSpace,CustomMTSLangevinMiddleIntegrator,3,  8.0,1e-06,   432.8
Villin PME 12A cutoff 1e-4 tol,NonbondedForce-ReciprocalSpace,CustomMTSLangevinMiddleIntegrator,3,  9.0,1e-06,   472.8
Villin PME 12A cutoff 1e-4 tol,NonbondedForce-ReciprocalSpace,CustomMTSLangevinMiddleIntegrator,3, 10.0,1e-06,   522.8
Villin PME 12A cutoff 1e-4 tol,NonbondedForce-ReciprocalSpace,CustomMTSLangevinMiddleIntegrator,3, 11.0,1e-06,   563.0
Villin PME 12A cutoff 1e-4 tol,NonbondedForce-ReciprocalSpace,CustomMTSLangevinMiddleIntegrator,3, 12.0,1e-06,   594.1
Villin PME 12A cutoff 1e-4 tol,NonbondedForce-ReciprocalSpace,CustomMTSLangevinMiddleIntegrator,3, 13.0,1e-06,   622.0
Villin PME 12A cutoff 1e-4 tol,NonbondedForce-ReciprocalSpace,CustomMTSLangevinMiddleIntegrator,3, 14.0,1e-06,     0.0
Villin PME 12A cutoff 1e-4 tol,NonbondedForce-ReciprocalSpace,CustomMTSLangevinMiddleIntegrator,3, 15.0,1e-06,     0.0
Villin PME 12A cutoff 1e-4 tol,NonbondedForce-ReciprocalSpace,CustomMTSLangevinMiddleIntegrator,3, 16.0,1e-06,     0.0
Villin PME 12A cutoff 1e-4 tol,NonbondedForce-ReciprocalSpace,CustomMTSLangevinMiddleIntegrator,3, 17.0,1e-06,     0.0
Villin PME 12A cutoff 1e-4 tol,NonbondedForce-ReciprocalSpace,CustomMTSLangevinMiddleIntegrator,3, 18.0,1e-06,     0.0
Villin PME 12A cutoff 1e-4 tol,NonbondedForce-ReciprocalSpace,CustomMTSLangevinMiddleIntegrator,3, 19.0,1e-06,     0.0
Villin PME 12A cutoff 1e-4 tol,NonbondedForce-ReciprocalSpace,CustomMTSLangevinMiddleIntegrator,3, 20.0,1e-06,     0.0
Villin PME 12A cutoff 1e-4 tol,NonbondedForce-ReciprocalSpace,CustomMTSLangevinMiddleIntegrator,3, 21.0,1e-06,     0.0
Villin PME 12A cutoff 1e-4 tol,NonbondedForce-ReciprocalSpace,CustomMTSLangevinMiddleIntegrator,3, 22.0,1e-06,     0.0
Villin PME 12A cutoff 1e-4 tol,NonbondedForce-ReciprocalSpace,CustomMTSLangevinMiddleIntegrator,3, 23.0,1e-06,     0.0
Villin PME 12A cutoff 1e-4 tol,NonbondedForce-ReciprocalSpace,CustomMTSLangevinMiddleIntegrator,3, 24.0,1e-06,     0.0
Villin PME 12A cutoff 1e-4 tol,NonbondedForce-ReciprocalSpace,CustomMTSLangevinMiddleIntegrator,3, 25.0,1e-06,     0.0
Villin PME 12A cutoff 1e-4 tol,NonbondedForce-ReciprocalSpace,CustomMTSLangevinMiddleIntegrator,3, 26.0,1e-06,     0.0
Villin PME 12A cutoff 1e-4 tol,NonbondedForce-ReciprocalSpace,CustomMTSLangevinMiddleIntegrator,3, 27.0,1e-06,     0.0
Villin PME 12A cutoff 1e-4 tol,NonbondedForce-ReciprocalSpace,CustomMTSLangevinMiddleIntegrator,5,  1.0,1e-06,    41.7
Villin PME 12A cutoff 1e-4 tol,NonbondedForce-ReciprocalSpace,CustomMTSLangevinMiddleIntegrator,5,  2.0,1e-06,    81.6
Villin PME 12A cutoff 1e-4 tol,NonbondedForce-ReciprocalSpace,CustomMTSLangevinMiddleIntegrator,5,  3.0,1e-06,   120.0
Villin PME 12A cutoff 1e-4 tol,NonbondedForce-ReciprocalSpace,CustomMTSLangevinMiddleIntegrator,5,  4.0,1e-06,   155.3
Villin PME 12A cutoff 1e-4 tol,NonbondedForce-ReciprocalSpace,CustomMTSLangevinMiddleIntegrator,5,  5.0,1e-06,   189.1
Villin PME 12A cutoff 1e-4 tol,NonbondedForce-ReciprocalSpace,CustomMTSLangevinMiddleIntegrator,5,  6.0,1e-06,   224.2
Villin PME 12A cutoff 1e-4 tol,NonbondedForce-ReciprocalSpace,CustomMTSLangevinMiddleIntegrator,5,  7.0,1e-06,   255.5
Villin PME 12A cutoff 1e-4 tol,NonbondedForce-ReciprocalSpace,CustomMTSLangevinMiddleIntegrator,5,  8.0,1e-06,   288.1
Villin PME 12A cutoff 1e-4 tol,NonbondedForce-ReciprocalSpace,CustomMTSLangevinMiddleIntegrator,5,  9.0,1e-06,   320.2
Villin PME 12A cutoff 1e-4 tol,NonbondedForce-ReciprocalSpace,CustomMTSLangevinMiddleIntegrator,5, 10.0,1e-06,   349.4
Villin PME 12A cutoff 1e-4 tol,NonbondedForce-ReciprocalSpace,CustomMTSLangevinMiddleIntegrator,5, 11.0,1e-06,   376.5
Villin PME 12A cutoff 1e-4 tol,NonbondedForce-ReciprocalSpace,CustomMTSLangevinMiddleIntegrator,5, 12.0,1e-06,   405.4
Villin PME 12A cutoff 1e-4 tol,NonbondedForce-ReciprocalSpace,CustomMTSLangevinMiddleIntegrator,5, 13.0,1e-06,   430.7
Villin PME 12A cutoff 1e-4 tol,NonbondedForce-ReciprocalSpace,CustomMTSLangevinMiddleIntegrator,5, 14.0,1e-06,   453.0
Villin PME 12A cutoff 1e-4 tol,NonbondedForce-ReciprocalSpace,CustomMTSLangevinMiddleIntegrator,5, 15.0,1e-06,   473.0
Villin PME 12A cutoff 1e-4 tol,NonbondedForce-ReciprocalSpace,CustomMTSLangevinMiddleIntegrator,5, 16.0,1e-06,   505.6
Villin PME 12A cutoff 1e-4 tol,NonbondedForce-ReciprocalSpace,CustomMTSLangevinMiddleIntegrator,5, 17.0,1e-06,   476.2
Villin PME 12A cutoff 1e-4 tol,NonbondedForce-ReciprocalSpace,CustomMTSLangevinMiddleIntegrator,5, 18.0,1e-06,   463.7
Villin PME 12A cutoff 1e-4 tol,NonbondedForce-ReciprocalSpace,CustomMTSLangevinMiddleIntegrator,5, 19.0,1e-06,   440.0
Villin PME 12A cutoff 1e-4 tol,NonbondedForce-ReciprocalSpace,CustomMTSLangevinMiddleIntegrator,5, 20.0,1e-06,     0.0
Villin PME 12A cutoff 1e-4 tol,NonbondedForce-ReciprocalSpace,CustomMTSLangevinMiddleIntegrator,5, 21.0,1e-06,     0.0
Villin PME 12A cutoff 1e-4 tol,NonbondedForce-ReciprocalSpace,CustomMTSLangevinMiddleIntegrator,5, 22.0,1e-06,     0.0
Villin PME 12A cutoff 1e-4 tol,NonbondedForce-ReciprocalSpace,CustomMTSLangevinMiddleIntegrator,5, 23.0,1e-06,     0.0
Villin PME 12A cutoff 1e-4 tol,NonbondedForce-ReciprocalSpace,CustomMTSLangevinMiddleIntegrator,5, 24.0,1e-06,     0.0
Villin PME 12A cutoff 1e-4 tol,NonbondedForce-ReciprocalSpace,CustomMTSLangevinMiddleIntegrator,5, 25.0,1e-06,     0.0
Villin PME 12A cutoff 1e-4 tol,NonbondedForce-ReciprocalSpace,CustomMTSLangevinMiddleIntegrator,5, 26.0,1e-06,     0.0
Villin PME 12A cutoff 1e-4 tol,NonbondedForce-ReciprocalSpace,CustomMTSLangevinMiddleIntegrator,5, 27.0,1e-06,     0.0
Villin PME 12A cutoff 5e-5 tol,none,openmm.LangevinMiddleIntegrator,1,  1.0,1e-06,   159.5
Villin PME 12A cutoff 5e-5 tol,none,CustomMTSLangevinMiddleIntegrator,1,  1.0,1e-06,   137.4
Villin PME 12A cutoff 5e-5 tol,none,openmm.LangevinMiddleIntegrator,1,  2.0,1e-06,   302.7
Villin PME 12A cutoff 5e-5 tol,none,CustomMTSLangevinMiddleIntegrator,1,  2.0,1e-06,   258.5
Villin PME 12A cutoff 5e-5 tol,none,openmm.LangevinMiddleIntegrator,1,  3.0,1e-06,   433.5
Villin PME 12A cutoff 5e-5 tol,none,CustomMTSLangevinMiddleIntegrator,1,  3.0,1e-06,   374.7
Villin PME 12A cutoff 5e-5 tol,none,openmm.LangevinMiddleIntegrator,1,  4.0,1e-06,   555.5
Villin PME 12A cutoff 5e-5 tol,none,CustomMTSLangevinMiddleIntegrator,1,  4.0,1e-06,   479.3
Villin PME 12A cutoff 5e-5 tol,none,openmm.LangevinMiddleIntegrator,1,  5.0,1e-06,     0.0
Villin PME 12A cutoff 5e-5 tol,none,CustomMTSLangevinMiddleIntegrator,1,  5.0,1e-06,     0.0
Villin PME 12A cutoff 5e-5 tol,none,openmm.LangevinMiddleIntegrator,1,  6.0,1e-06,     0.0
Villin PME 12A cutoff 5e-5 tol,none,CustomMTSLangevinMiddleIntegrator,1,  6.0,1e-06,     0.0
Villin PME 12A cutoff 5e-5 tol,none,openmm.LangevinMiddleIntegrator,1,  7.0,1e-06,     0.0
Villin PME 12A cutoff 5e-5 tol,none,CustomMTSLangevinMiddleIntegrator,1,  7.0,1e-06,     0.0
Villin PME 12A cutoff 5e-5 tol,none,openmm.LangevinMiddleIntegrator,1,  8.0,1e-06,     0.0
Villin PME 12A cutoff 5e-5 tol,none,CustomMTSLangevinMiddleIntegrator,1,  8.0,1e-06,     0.0
Villin PME 12A cutoff 5e-5 tol,none,openmm.LangevinMiddleIntegrator,1,  9.0,1e-06,     0.0
Villin PME 12A cutoff 5e-5 tol,none,CustomMTSLangevinMiddleIntegrator,1,  9.0,1e-06,     0.0
Villin PME 12A cutoff 5e-5 tol,none,openmm.LangevinMiddleIntegrator,1, 10.0,1e-06,     0.0
Villin PME 12A cutoff 5e-5 tol,none,CustomMTSLangevinMiddleIntegrator,1, 10.0,1e-06,     0.0
Villin PME 12A cutoff 5e-5 tol,none,openmm.LangevinMiddleIntegrator,1, 11.0,1e-06,     0.0
Villin PME 12A cutoff 5e-5 tol,none,CustomMTSLangevinMiddleIntegrator,1, 11.0,1e-06,     0.0
Villin PME 12A cutoff 5e-5 tol,none,openmm.LangevinMiddleIntegrator,1, 12.0,1e-06,     0.0
Villin PME 12A cutoff 5e-5 tol,none,CustomMTSLangevinMiddleIntegrator,1, 12.0,1e-06,     0.0
Villin PME 12A cutoff 5e-5 tol,none,openmm.LangevinMiddleIntegrator,1, 13.0,1e-06,     0.0
Villin PME 12A cutoff 5e-5 tol,none,CustomMTSLangevinMiddleIntegrator,1, 13.0,1e-06,     0.0
Villin PME 12A cutoff 5e-5 tol,none,openmm.LangevinMiddleIntegrator,1, 14.0,1e-06,     0.0
Villin PME 12A cutoff 5e-5 tol,none,CustomMTSLangevinMiddleIntegrator,1, 14.0,1e-06,     0.0
Villin PME 12A cutoff 5e-5 tol,none,openmm.LangevinMiddleIntegrator,1, 15.0,1e-06,     0.0
Villin PME 12A cutoff 5e-5 tol,none,CustomMTSLangevinMiddleIntegrator,1, 15.0,1e-06,     0.0
Villin PME 12A cutoff 5e-5 tol,none,openmm.LangevinMiddleIntegrator,1, 16.0,1e-06,     0.0
Villin PME 12A cutoff 5e-5 tol,none,CustomMTSLangevinMiddleIntegrator,1, 16.0,1e-06,     0.0
Villin PME 12A cutoff 5e-5 tol,none,openmm.LangevinMiddleIntegrator,1, 17.0,1e-06,     0.0
Villin PME 12A cutoff 5e-5 tol,none,CustomMTSLangevinMiddleIntegrator,1, 17.0,1e-06,     0.0
Villin PME 12A cutoff 5e-5 tol,none,openmm.LangevinMiddleIntegrator,1, 18.0,1e-06,     0.0
Villin PME 12A cutoff 5e-5 tol,none,CustomMTSLangevinMiddleIntegrator,1, 18.0,1e-06,     0.0
Villin PME 12A cutoff 5e-5 tol,none,openmm.LangevinMiddleIntegrator,1, 19.0,1e-06,     0.0
Villin PME 12A cutoff 5e-5 tol,none,CustomMTSLangevinMiddleIntegrator,1, 19.0,1e-06,     0.0
Villin PME 12A cutoff 5e-5 tol,none,openmm.LangevinMiddleIntegrator,1, 20.0,1e-06,     0.0
Villin PME 12A cutoff 5e-5 tol,none,CustomMTSLangevinMiddleIntegrator,1, 20.0,1e-06,     0.0
Villin PME 12A cutoff 5e-5 tol,none,openmm.LangevinMiddleIntegrator,1, 21.0,1e-06,     0.0
Villin PME 12A cutoff 5e-5 tol,none,CustomMTSLangevinMiddleIntegrator,1, 21.0,1e-06,     0.0
Villin PME 12A cutoff 5e-5 tol,none,openmm.LangevinMiddleIntegrator,1, 22.0,1e-06,     0.0
Villin PME 12A cutoff 5e-5 tol,none,CustomMTSLangevinMiddleIntegrator,1, 22.0,1e-06,     0.0
Villin PME 12A cutoff 5e-5 tol,none,openmm.LangevinMiddleIntegrator,1, 23.0,1e-06,     0.0
Villin PME 12A cutoff 5e-5 tol,none,CustomMTSLangevinMiddleIntegrator,1, 23.0,1e-06,     0.0
Villin PME 12A cutoff 5e-5 tol,none,openmm.LangevinMiddleIntegrator,1, 24.0,1e-06,     0.0
Villin PME 12A cutoff 5e-5 tol,none,CustomMTSLangevinMiddleIntegrator,1, 24.0,1e-06,     0.0
Villin PME 12A cutoff 5e-5 tol,none,openmm.LangevinMiddleIntegrator,1, 25.0,1e-06,     0.0
Villin PME 12A cutoff 5e-5 tol,none,CustomMTSLangevinMiddleIntegrator,1, 25.0,1e-06,     0.0
Villin PME 12A cutoff 5e-5 tol,none,openmm.LangevinMiddleIntegrator,1, 26.0,1e-06,     0.0
Villin PME 12A cutoff 5e-5 tol,none,CustomMTSLangevinMiddleIntegrator,1, 26.0,1e-06,     0.0
Villin PME 12A cutoff 5e-5 tol,none,openmm.LangevinMiddleIntegrator,1, 27.0,1e-06,     0.0
Villin PME 12A cutoff 5e-5 tol,none,CustomMTSLangevinMiddleIntegrator,1, 27.0,1e-06,     0.0
Villin PME 12A cutoff 5e-5 tol,NonbondedForce-ReciprocalSpace,CustomMTSLangevinMiddleIntegrator,3,  1.0,1e-06,    63.5
Villin PME 12A cutoff 5e-5 tol,NonbondedForce-ReciprocalSpace,CustomMTSLangevinMiddleIntegrator,3,  2.0,1e-06,   124.2
Villin PME 12A cutoff 5e-5 tol,NonbondedForce-ReciprocalSpace,CustomMTSLangevinMiddleIntegrator,3,  3.0,1e-06,   180.1
Villin PME 12A cutoff 5e-5 tol,NonbondedForce-ReciprocalSpace,CustomMTSLangevinMiddleIntegrator,3,  4.0,1e-06,   233.0
Villin PME 12A cutoff 5e-5 tol,NonbondedForce-ReciprocalSpace,CustomMTSLangevinMiddleIntegrator,3,  5.0,1e-06,   285.5
Villin PME 12A cutoff 5e-5 tol,NonbondedForce-ReciprocalSpace,CustomMTSLangevinMiddleIntegrator,3,  6.0,1e-06,   337.0
Villin PME 12A cutoff 5e-5 tol,NonbondedForce-ReciprocalSpace,CustomMTSLangevinMiddleIntegrator,3,  7.0,1e-06,   381.9
Villin PME 12A cutoff 5e-5 tol,NonbondedForce-ReciprocalSpace,CustomMTSLangevinMiddleIntegrator,3,  8.0,1e-06,   430.7
Villin PME 12A cutoff 5e-5 tol,NonbondedForce-ReciprocalSpace,CustomMTSLangevinMiddleIntegrator,3,  9.0,1e-06,   467.2
Villin PME 12A cutoff 5e-5 tol,NonbondedForce-ReciprocalSpace,CustomMTSLangevinMiddleIntegrator,3, 10.0,1e-06,   510.5
Villin PME 12A cutoff 5e-5 tol,NonbondedForce-ReciprocalSpace,CustomMTSLangevinMiddleIntegrator,3, 11.0,1e-06,   557.2
Villin PME 12A cutoff 5e-5 tol,NonbondedForce-ReciprocalSpace,CustomMTSLangevinMiddleIntegrator,3, 12.0,1e-06,   585.0
Villin PME 12A cutoff 5e-5 tol,NonbondedForce-ReciprocalSpace,CustomMTSLangevinMiddleIntegrator,3, 13.0,1e-06,   612.6
Villin PME 12A cutoff 5e-5 tol,NonbondedForce-ReciprocalSpace,CustomMTSLangevinMiddleIntegrator,3, 14.0,1e-06,     0.0
Villin PME 12A cutoff 5e-5 tol,NonbondedForce-ReciprocalSpace,CustomMTSLangevinMiddleIntegrator,3, 15.0,1e-06,     0.0
Villin PME 12A cutoff 5e-5 tol,NonbondedForce-ReciprocalSpace,CustomMTSLangevinMiddleIntegrator,3, 16.0,1e-06,     0.0
Villin PME 12A cutoff 5e-5 tol,NonbondedForce-ReciprocalSpace,CustomMTSLangevinMiddleIntegrator,3, 17.0,1e-06,     0.0
Villin PME 12A cutoff 5e-5 tol,NonbondedForce-ReciprocalSpace,CustomMTSLangevinMiddleIntegrator,3, 18.0,1e-06,     0.0
Villin PME 12A cutoff 5e-5 tol,NonbondedForce-ReciprocalSpace,CustomMTSLangevinMiddleIntegrator,3, 19.0,1e-06,     0.0
Villin PME 12A cutoff 5e-5 tol,NonbondedForce-ReciprocalSpace,CustomMTSLangevinMiddleIntegrator,3, 20.0,1e-06,     0.0
Villin PME 12A cutoff 5e-5 tol,NonbondedForce-ReciprocalSpace,CustomMTSLangevinMiddleIntegrator,3, 21.0,1e-06,     0.0
Villin PME 12A cutoff 5e-5 tol,NonbondedForce-ReciprocalSpace,CustomMTSLangevinMiddleIntegrator,3, 22.0,1e-06,     0.0
Villin PME 12A cutoff 5e-5 tol,NonbondedForce-ReciprocalSpace,CustomMTSLangevinMiddleIntegrator,3, 23.0,1e-06,     0.0
Villin PME 12A cutoff 5e-5 tol,NonbondedForce-ReciprocalSpace,CustomMTSLangevinMiddleIntegrator,3, 24.0,1e-06,     0.0
Villin PME 12A cutoff 5e-5 tol,NonbondedForce-ReciprocalSpace,CustomMTSLangevinMiddleIntegrator,3, 25.0,1e-06,     0.0
Villin PME 12A cutoff 5e-5 tol,NonbondedForce-ReciprocalSpace,CustomMTSLangevinMiddleIntegrator,3, 26.0,1e-06,     0.0
Villin PME 12A cutoff 5e-5 tol,NonbondedForce-ReciprocalSpace,CustomMTSLangevinMiddleIntegrator,3, 27.0,1e-06,     0.0
Villin PME 12A cutoff 5e-5 tol,NonbondedForce-ReciprocalSpace,CustomMTSLangevinMiddleIntegrator,5,  1.0,1e-06,    41.4
Villin PME 12A cutoff 5e-5 tol,NonbondedForce-ReciprocalSpace,CustomMTSLangevinMiddleIntegrator,5,  2.0,1e-06,    80.3
Villin PME 12A cutoff 5e-5 tol,NonbondedForce-ReciprocalSpace,CustomMTSLangevinMiddleIntegrator,5,  3.0,1e-06,   118.0
Villin PME 12A cutoff 5e-5 tol,NonbondedForce-ReciprocalSpace,CustomMTSLangevinMiddleIntegrator,5,  4.0,1e-06,   155.9
Villin PME 12A cutoff 5e-5 tol,NonbondedForce-ReciprocalSpace,CustomMTSLangevinMiddleIntegrator,5,  5.0,1e-06,   189.7
Villin PME 12A cutoff 5e-5 tol,NonbondedForce-ReciprocalSpace,CustomMTSLangevinMiddleIntegrator,5,  6.0,1e-06,   219.9
Villin PME 12A cutoff 5e-5 tol,NonbondedForce-ReciprocalSpace,CustomMTSLangevinMiddleIntegrator,5,  7.0,1e-06,   254.0
Villin PME 12A cutoff 5e-5 tol,NonbondedForce-ReciprocalSpace,CustomMTSLangevinMiddleIntegrator,5,  8.0,1e-06,   284.2
Villin PME 12A cutoff 5e-5 tol,NonbondedForce-ReciprocalSpace,CustomMTSLangevinMiddleIntegrator,5,  9.0,1e-06,   319.3
Villin PME 12A cutoff 5e-5 tol,NonbondedForce-ReciprocalSpace,CustomMTSLangevinMiddleIntegrator,5, 10.0,1e-06,   343.6
Villin PME 12A cutoff 5e-5 tol,NonbondedForce-ReciprocalSpace,CustomMTSLangevinMiddleIntegrator,5, 11.0,1e-06,   371.4
Villin PME 12A cutoff 5e-5 tol,NonbondedForce-ReciprocalSpace,CustomMTSLangevinMiddleIntegrator,5, 12.0,1e-06,   402.2
Villin PME 12A cutoff 5e-5 tol,NonbondedForce-ReciprocalSpace,CustomMTSLangevinMiddleIntegrator,5, 13.0,1e-06,   427.8
Villin PME 12A cutoff 5e-5 tol,NonbondedForce-ReciprocalSpace,CustomMTSLangevinMiddleIntegrator,5, 14.0,1e-06,   446.4
Villin PME 12A cutoff 5e-5 tol,NonbondedForce-ReciprocalSpace,CustomMTSLangevinMiddleIntegrator,5, 15.0,1e-06,   474.6
Villin PME 12A cutoff 5e-5 tol,NonbondedForce-ReciprocalSpace,CustomMTSLangevinMiddleIntegrator,5, 16.0,1e-06,   497.6
Villin PME 12A cutoff 5e-5 tol,NonbondedForce-ReciprocalSpace,CustomMTSLangevinMiddleIntegrator,5, 17.0,1e-06,   467.0
Villin PME 12A cutoff 5e-5 tol,NonbondedForce-ReciprocalSpace,CustomMTSLangevinMiddleIntegrator,5, 18.0,1e-06,   457.2
Villin PME 12A cutoff 5e-5 tol,NonbondedForce-ReciprocalSpace,CustomMTSLangevinMiddleIntegrator,5, 19.0,1e-06,     0.0
Villin PME 12A cutoff 5e-5 tol,NonbondedForce-ReciprocalSpace,CustomMTSLangevinMiddleIntegrator,5, 20.0,1e-06,     0.0
Villin PME 12A cutoff 5e-5 tol,NonbondedForce-ReciprocalSpace,CustomMTSLangevinMiddleIntegrator,5, 21.0,1e-06,     0.0
Villin PME 12A cutoff 5e-5 tol,NonbondedForce-ReciprocalSpace,CustomMTSLangevinMiddleIntegrator,5, 22.0,1e-06,     0.0
Villin PME 12A cutoff 5e-5 tol,NonbondedForce-ReciprocalSpace,CustomMTSLangevinMiddleIntegrator,5, 23.0,1e-06,     0.0
Villin PME 12A cutoff 5e-5 tol,NonbondedForce-ReciprocalSpace,CustomMTSLangevinMiddleIntegrator,5, 24.0,1e-06,     0.0
Villin PME 12A cutoff 5e-5 tol,NonbondedForce-ReciprocalSpace,CustomMTSLangevinMiddleIntegrator,5, 25.0,1e-06,     0.0
Villin PME 12A cutoff 5e-5 tol,NonbondedForce-ReciprocalSpace,CustomMTSLangevinMiddleIntegrator,5, 26.0,1e-06,     0.0
Villin PME 12A cutoff 5e-5 tol,NonbondedForce-ReciprocalSpace,CustomMTSLangevinMiddleIntegrator,5, 27.0,1e-06,     0.0
Villin PME 12A cutoff 1e-5 tol,none,openmm.LangevinMiddleIntegrator,1,  1.0,1e-06,   120.2
Villin PME 12A cutoff 1e-5 tol,none,CustomMTSLangevinMiddleIntegrator,1,  1.0,1e-06,   102.9
Villin PME 12A cutoff 1e-5 tol,none,openmm.LangevinMiddleIntegrator,1,  2.0,1e-06,   233.5
Villin PME 12A cutoff 1e-5 tol,none,CustomMTSLangevinMiddleIntegrator,1,  2.0,1e-06,   197.8
Villin PME 12A cutoff 1e-5 tol,none,openmm.LangevinMiddleIntegrator,1,  3.0,1e-06,   341.2
Villin PME 12A cutoff 1e-5 tol,none,CustomMTSLangevinMiddleIntegrator,1,  3.0,1e-06,   287.1
Villin PME 12A cutoff 1e-5 tol,none,openmm.LangevinMiddleIntegrator,1,  4.0,1e-06,   443.5
Villin PME 12A cutoff 1e-5 tol,none,CustomMTSLangevinMiddleIntegrator,1,  4.0,1e-06,   374.4
Villin PME 12A cutoff 1e-5 tol,none,openmm.LangevinMiddleIntegrator,1,  5.0,1e-06,     0.0
Villin PME 12A cutoff 1e-5 tol,none,CustomMTSLangevinMiddleIntegrator,1,  5.0,1e-06,     0.0
Villin PME 12A cutoff 1e-5 tol,none,openmm.LangevinMiddleIntegrator,1,  6.0,1e-06,     0.0
Villin PME 12A cutoff 1e-5 tol,none,CustomMTSLangevinMiddleIntegrator,1,  6.0,1e-06,     0.0
Villin PME 12A cutoff 1e-5 tol,none,openmm.LangevinMiddleIntegrator,1,  7.0,1e-06,     0.0
Villin PME 12A cutoff 1e-5 tol,none,CustomMTSLangevinMiddleIntegrator,1,  7.0,1e-06,     0.0
Villin PME 12A cutoff 1e-5 tol,none,openmm.LangevinMiddleIntegrator,1,  8.0,1e-06,     0.0
Villin PME 12A cutoff 1e-5 tol,none,CustomMTSLangevinMiddleIntegrator,1,  8.0,1e-06,     0.0
Villin PME 12A cutoff 1e-5 tol,none,openmm.LangevinMiddleIntegrator,1,  9.0,1e-06,     0.0
Villin PME 12A cutoff 1e-5 tol,none,CustomMTSLangevinMiddleIntegrator,1,  9.0,1e-06,     0.0
Villin PME 12A cutoff 1e-5 tol,none,openmm.LangevinMiddleIntegrator,1, 10.0,1e-06,     0.0
Villin PME 12A cutoff 1e-5 tol,none,CustomMTSLangevinMiddleIntegrator,1, 10.0,1e-06,     0.0
Villin PME 12A cutoff 1e-5 tol,none,openmm.LangevinMiddleIntegrator,1, 11.0,1e-06,     0.0
Villin PME 12A cutoff 1e-5 tol,none,CustomMTSLangevinMiddleIntegrator,1, 11.0,1e-06,     0.0
Villin PME 12A cutoff 1e-5 tol,none,openmm.LangevinMiddleIntegrator,1, 12.0,1e-06,     0.0
Villin PME 12A cutoff 1e-5 tol,none,CustomMTSLangevinMiddleIntegrator,1, 12.0,1e-06,     0.0
Villin PME 12A cutoff 1e-5 tol,none,openmm.LangevinMiddleIntegrator,1, 13.0,1e-06,     0.0
Villin PME 12A cutoff 1e-5 tol,none,CustomMTSLangevinMiddleIntegrator,1, 13.0,1e-06,     0.0
Villin PME 12A cutoff 1e-5 tol,none,openmm.LangevinMiddleIntegrator,1, 14.0,1e-06,     0.0
Villin PME 12A cutoff 1e-5 tol,none,CustomMTSLangevinMiddleIntegrator,1, 14.0,1e-06,     0.0
Villin PME 12A cutoff 1e-5 tol,none,openmm.LangevinMiddleIntegrator,1, 15.0,1e-06,     0.0
Villin PME 12A cutoff 1e-5 tol,none,CustomMTSLangevinMiddleIntegrator,1, 15.0,1e-06,     0.0
Villin PME 12A cutoff 1e-5 tol,none,openmm.LangevinMiddleIntegrator,1, 16.0,1e-06,     0.0
Villin PME 12A cutoff 1e-5 tol,none,CustomMTSLangevinMiddleIntegrator,1, 16.0,1e-06,     0.0
Villin PME 12A cutoff 1e-5 tol,none,openmm.LangevinMiddleIntegrator,1, 17.0,1e-06,     0.0
Villin PME 12A cutoff 1e-5 tol,none,CustomMTSLangevinMiddleIntegrator,1, 17.0,1e-06,     0.0
Villin PME 12A cutoff 1e-5 tol,none,openmm.LangevinMiddleIntegrator,1, 18.0,1e-06,     0.0
Villin PME 12A cutoff 1e-5 tol,none,CustomMTSLangevinMiddleIntegrator,1, 18.0,1e-06,     0.0
Villin PME 12A cutoff 1e-5 tol,none,openmm.LangevinMiddleIntegrator,1, 19.0,1e-06,     0.0
Villin PME 12A cutoff 1e-5 tol,none,CustomMTSLangevinMiddleIntegrator,1, 19.0,1e-06,     0.0
Villin PME 12A cutoff 1e-5 tol,none,openmm.LangevinMiddleIntegrator,1, 20.0,1e-06,     0.0
Villin PME 12A cutoff 1e-5 tol,none,CustomMTSLangevinMiddleIntegrator,1, 20.0,1e-06,     0.0
Villin PME 12A cutoff 1e-5 tol,none,openmm.LangevinMiddleIntegrator,1, 21.0,1e-06,     0.0
Villin PME 12A cutoff 1e-5 tol,none,CustomMTSLangevinMiddleIntegrator,1, 21.0,1e-06,     0.0
Villin PME 12A cutoff 1e-5 tol,none,openmm.LangevinMiddleIntegrator,1, 22.0,1e-06,     0.0
Villin PME 12A cutoff 1e-5 tol,none,CustomMTSLangevinMiddleIntegrator,1, 22.0,1e-06,     0.0
Villin PME 12A cutoff 1e-5 tol,none,openmm.LangevinMiddleIntegrator,1, 23.0,1e-06,     0.0
Villin PME 12A cutoff 1e-5 tol,none,CustomMTSLangevinMiddleIntegrator,1, 23.0,1e-06,     0.0
Villin PME 12A cutoff 1e-5 tol,none,openmm.LangevinMiddleIntegrator,1, 24.0,1e-06,     0.0
Villin PME 12A cutoff 1e-5 tol,none,CustomMTSLangevinMiddleIntegrator,1, 24.0,1e-06,     0.0
Villin PME 12A cutoff 1e-5 tol,none,openmm.LangevinMiddleIntegrator,1, 25.0,1e-06,     0.0
Villin PME 12A cutoff 1e-5 tol,none,CustomMTSLangevinMiddleIntegrator,1, 25.0,1e-06,     0.0
Villin PME 12A cutoff 1e-5 tol,none,openmm.LangevinMiddleIntegrator,1, 26.0,1e-06,     0.0
Villin PME 12A cutoff 1e-5 tol,none,CustomMTSLangevinMiddleIntegrator,1, 26.0,1e-06,     0.0
Villin PME 12A cutoff 1e-5 tol,none,openmm.LangevinMiddleIntegrator,1, 27.0,1e-06,     0.0
Villin PME 12A cutoff 1e-5 tol,none,CustomMTSLangevinMiddleIntegrator,1, 27.0,1e-06,     0.0
Villin PME 12A cutoff 1e-5 tol,NonbondedForce-ReciprocalSpace,CustomMTSLangevinMiddleIntegrator,3,  1.0,1e-06,    53.8
Villin PME 12A cutoff 1e-5 tol,NonbondedForce-ReciprocalSpace,CustomMTSLangevinMiddleIntegrator,3,  2.0,1e-06,   105.6
Villin PME 12A cutoff 1e-5 tol,NonbondedForce-ReciprocalSpace,CustomMTSLangevinMiddleIntegrator,3,  3.0,1e-06,   153.5
Villin PME 12A cutoff 1e-5 tol,NonbondedForce-ReciprocalSpace,CustomMTSLangevinMiddleIntegrator,3,  4.0,1e-06,   201.0
Villin PME 12A cutoff 1e-5 tol,NonbondedForce-ReciprocalSpace,CustomMTSLangevinMiddleIntegrator,3,  5.0,1e-06,   247.2
Villin PME 12A cutoff 1e-5 tol,NonbondedForce-ReciprocalSpace,CustomMTSLangevinMiddleIntegrator,3,  6.0,1e-06,   290.1
Villin PME 12A cutoff 1e-5 tol,NonbondedForce-ReciprocalSpace,CustomMTSLangevinMiddleIntegrator,3,  7.0,1e-06,   332.3
Villin PME 12A cutoff 1e-5 tol,NonbondedForce-ReciprocalSpace,CustomMTSLangevinMiddleIntegrator,3,  8.0,1e-06,   369.6
Villin PME 12A cutoff 1e-5 tol,NonbondedForce-ReciprocalSpace,CustomMTSLangevinMiddleIntegrator,3,  9.0,1e-06,   409.1
Villin PME 12A cutoff 1e-5 tol,NonbondedForce-ReciprocalSpace,CustomMTSLangevinMiddleIntegrator,3, 10.0,1e-06,   445.3
Villin PME 12A cutoff 1e-5 tol,NonbondedForce-ReciprocalSpace,CustomMTSLangevinMiddleIntegrator,3, 11.0,1e-06,   485.3
Villin PME 12A cutoff 1e-5 tol,NonbondedForce-ReciprocalSpace,CustomMTSLangevinMiddleIntegrator,3, 12.0,1e-06,   513.8
Villin PME 12A cutoff 1e-5 tol,NonbondedForce-ReciprocalSpace,CustomMTSLangevinMiddleIntegrator,3, 13.0,1e-06,   531.9
Villin PME 12A cutoff 1e-5 tol,NonbondedForce-ReciprocalSpace,CustomMTSLangevinMiddleIntegrator,3, 14.0,1e-06,     0.0
Villin PME 12A cutoff 1e-5 tol,NonbondedForce-ReciprocalSpace,CustomMTSLangevinMiddleIntegrator,3, 15.0,1e-06,     0.0
Villin PME 12A cutoff 1e-5 tol,NonbondedForce-ReciprocalSpace,CustomMTSLangevinMiddleIntegrator,3, 16.0,1e-06,     0.0
Villin PME 12A cutoff 1e-5 tol,NonbondedForce-ReciprocalSpace,CustomMTSLangevinMiddleIntegrator,3, 17.0,1e-06,     0.0
Villin PME 12A cutoff 1e-5 tol,NonbondedForce-ReciprocalSpace,CustomMTSLangevinMiddleIntegrator,3, 18.0,1e-06,     0.0
Villin PME 12A cutoff 1e-5 tol,NonbondedForce-ReciprocalSpace,CustomMTSLangevinMiddleIntegrator,3, 19.0,1e-06,     0.0
Villin PME 12A cutoff 1e-5 tol,NonbondedForce-ReciprocalSpace,CustomMTSLangevinMiddleIntegrator,3, 20.0,1e-06,     0.0
Villin PME 12A cutoff 1e-5 tol,NonbondedForce-ReciprocalSpace,CustomMTSLangevinMiddleIntegrator,3, 21.0,1e-06,     0.0
Villin PME 12A cutoff 1e-5 tol,NonbondedForce-ReciprocalSpace,CustomMTSLangevinMiddleIntegrator,3, 22.0,1e-06,     0.0
Villin PME 12A cutoff 1e-5 tol,NonbondedForce-ReciprocalSpace,CustomMTSLangevinMiddleIntegrator,3, 23.0,1e-06,     0.0
Villin PME 12A cutoff 1e-5 tol,NonbondedForce-ReciprocalSpace,CustomMTSLangevinMiddleIntegrator,3, 24.0,1e-06,     0.0
Villin PME 12A cutoff 1e-5 tol,NonbondedForce-ReciprocalSpace,CustomMTSLangevinMiddleIntegrator,3, 25.0,1e-06,     0.0
Villin PME 12A cutoff 1e-5 tol,NonbondedForce-ReciprocalSpace,CustomMTSLangevinMiddleIntegrator,3, 26.0,1e-06,     0.0
Villin PME 12A cutoff 1e-5 tol,NonbondedForce-ReciprocalSpace,CustomMTSLangevinMiddleIntegrator,3, 27.0,1e-06,     0.0
Villin PME 12A cutoff 1e-5 tol,NonbondedForce-ReciprocalSpace,CustomMTSLangevinMiddleIntegrator,5,  1.0,1e-06,    36.0
Villin PME 12A cutoff 1e-5 tol,NonbondedForce-ReciprocalSpace,CustomMTSLangevinMiddleIntegrator,5,  2.0,1e-06,    71.4
Villin PME 12A cutoff 1e-5 tol,NonbondedForce-ReciprocalSpace,CustomMTSLangevinMiddleIntegrator,5,  3.0,1e-06,   104.2
Villin PME 12A cutoff 1e-5 tol,NonbondedForce-ReciprocalSpace,CustomMTSLangevinMiddleIntegrator,5,  4.0,1e-06,   135.4
Villin PME 12A cutoff 1e-5 tol,NonbondedForce-ReciprocalSpace,CustomMTSLangevinMiddleIntegrator,5,  5.0,1e-06,   166.5
Villin PME 12A cutoff 1e-5 tol,NonbondedForce-ReciprocalSpace,CustomMTSLangevinMiddleIntegrator,5,  6.0,1e-06,   197.4
Villin PME 12A cutoff 1e-5 tol,NonbondedForce-ReciprocalSpace,CustomMTSLangevinMiddleIntegrator,5,  7.0,1e-06,   226.8
Villin PME 12A cutoff 1e-5 tol,NonbondedForce-ReciprocalSpace,CustomMTSLangevinMiddleIntegrator,5,  8.0,1e-06,   255.6
Villin PME 12A cutoff 1e-5 tol,NonbondedForce-ReciprocalSpace,CustomMTSLangevinMiddleIntegrator,5,  9.0,1e-06,   283.3
Villin PME 12A cutoff 1e-5 tol,NonbondedForce-ReciprocalSpace,CustomMTSLangevinMiddleIntegrator,5, 10.0,1e-06,   308.5
Villin PME 12A cutoff 1e-5 tol,NonbondedForce-ReciprocalSpace,CustomMTSLangevinMiddleIntegrator,5, 11.0,1e-06,   334.9
Villin PME 12A cutoff 1e-5 tol,NonbondedForce-ReciprocalSpace,CustomMTSLangevinMiddleIntegrator,5, 12.0,1e-06,   360.5
Villin PME 12A cutoff 1e-5 tol,NonbondedForce-ReciprocalSpace,CustomMTSLangevinMiddleIntegrator,5, 13.0,1e-06,   384.5
Villin PME 12A cutoff 1e-5 tol,NonbondedForce-ReciprocalSpace,CustomMTSLangevinMiddleIntegrator,5, 14.0,1e-06,   407.8
Villin PME 12A cutoff 1e-5 tol,NonbondedForce-ReciprocalSpace,CustomMTSLangevinMiddleIntegrator,5, 15.0,1e-06,   428.0
Villin PME 12A cutoff 1e-5 tol,NonbondedForce-ReciprocalSpace,CustomMTSLangevinMiddleIntegrator,5, 16.0,1e-06,   445.6
Villin PME 12A cutoff 1e-5 tol,NonbondedForce-ReciprocalSpace,CustomMTSLangevinMiddleIntegrator,5, 17.0,1e-06,   424.0
Villin PME 12A cutoff 1e-5 tol,NonbondedForce-ReciprocalSpace,CustomMTSLangevinMiddleIntegrator,5, 18.0,1e-06,   415.4
Villin PME 12A cutoff 1e-5 tol,NonbondedForce-ReciprocalSpace,CustomMTSLangevinMiddleIntegrator,5, 19.0,1e-06,     0.0
Villin PME 12A cutoff 1e-5 tol,NonbondedForce-ReciprocalSpace,CustomMTSLangevinMiddleIntegrator,5, 20.0,1e-06,     0.0
Villin PME 12A cutoff 1e-5 tol,NonbondedForce-ReciprocalSpace,CustomMTSLangevinMiddleIntegrator,5, 21.0,1e-06,     0.0
Villin PME 12A cutoff 1e-5 tol,NonbondedForce-ReciprocalSpace,CustomMTSLangevinMiddleIntegrator,5, 22.0,1e-06,     0.0
Villin PME 12A cutoff 1e-5 tol,NonbondedForce-ReciprocalSpace,CustomMTSLangevinMiddleIntegrator,5, 23.0,1e-06,     0.0
Villin PME 12A cutoff 1e-5 tol,NonbondedForce-ReciprocalSpace,CustomMTSLangevinMiddleIntegrator,5, 24.0,1e-06,     0.0
Villin PME 12A cutoff 1e-5 tol,NonbondedForce-ReciprocalSpace,CustomMTSLangevinMiddleIntegrator,5, 25.0,1e-06,     0.0
Villin PME 12A cutoff 1e-5 tol,NonbondedForce-ReciprocalSpace,CustomMTSLangevinMiddleIntegrator,5, 26.0,1e-06,     0.0
Villin PME 12A cutoff 1e-5 tol,NonbondedForce-ReciprocalSpace,CustomMTSLangevinMiddleIntegrator,5, 27.0,1e-06,     0.0
