SrcExplicit PME  9A cutoff 5e-4 tol,none,openmm.LangevinMiddleIntegrator,1,  1.0,1e-06,    71.0
SrcExplicit PME  9A cutoff 5e-4 tol,none,CustomMTSLangevinMiddleIntegrator,1,  1.0,1e-06,    71.8
SrcExplicit PME  9A cutoff 5e-4 tol,none,openmm.LangevinMiddleIntegrator,1,  2.0,1e-06,   155.8
SrcExplicit PME  9A cutoff 5e-4 tol,none,CustomMTSLangevinMiddleIntegrator,1,  2.0,1e-06,   139.3
SrcExplicit PME  9A cutoff 5e-4 tol,none,openmm.LangevinMiddleIntegrator,1,  3.0,1e-06,   227.7
SrcExplicit PME  9A cutoff 5e-4 tol,none,CustomMTSLangevinMiddleIntegrator,1,  3.0,1e-06,   203.6
SrcExplicit PME  9A cutoff 5e-4 tol,none,openmm.LangevinMiddleIntegrator,1,  4.0,1e-06,   293.6
SrcExplicit PME  9A cutoff 5e-4 tol,none,CustomMTSLangevinMiddleIntegrator,1,  4.0,1e-06,   263.1
SrcExplicit PME  9A cutoff 5e-4 tol,none,openmm.LangevinMiddleIntegrator,1,  5.0,1e-06,     0.0
SrcExplicit PME  9A cutoff 5e-4 tol,none,CustomMTSLangevinMiddleIntegrator,1,  5.0,1e-06,     0.0
SrcExplicit PME  9A cutoff 5e-4 tol,none,openmm.LangevinMiddleIntegrator,1,  6.0,1e-06,     0.0
SrcExplicit PME  9A cutoff 5e-4 tol,none,CustomMTSLangevinMiddleIntegrator,1,  6.0,1e-06,     0.0
SrcExplicit PME  9A cutoff 5e-4 tol,none,openmm.LangevinMiddleIntegrator,1,  7.0,1e-06,     0.0
SrcExplicit PME  9A cutoff 5e-4 tol,none,CustomMTSLangevinMiddleIntegrator,1,  7.0,1e-06,     0.0
SrcExplicit PME  9A cutoff 5e-4 tol,none,openmm.LangevinMiddleIntegrator,1,  8.0,1e-06,     0.0
SrcExplicit PME  9A cutoff 5e-4 tol,none,CustomMTSLangevinMiddleIntegrator,1,  8.0,1e-06,     0.0
SrcExplicit PME  9A cutoff 5e-4 tol,none,openmm.LangevinMiddleIntegrator,1,  9.0,1e-06,     0.0
SrcExplicit PME  9A cutoff 5e-4 tol,none,CustomMTSLangevinMiddleIntegrator,1,  9.0,1e-06,     0.0
SrcExplicit PME  9A cutoff 5e-4 tol,none,openmm.LangevinMiddleIntegrator,1, 10.0,1e-06,     0.0
SrcExplicit PME  9A cutoff 5e-4 tol,none,CustomMTSLangevinMiddleIntegrator,1, 10.0,1e-06,     0.0
SrcExplicit PME  9A cutoff 5e-4 tol,none,openmm.LangevinMiddleIntegrator,1, 11.0,1e-06,     0.0
SrcExplicit PME  9A cutoff 5e-4 tol,none,CustomMTSLangevinMiddleIntegrator,1, 11.0,1e-06,     0.0
SrcExplicit PME  9A cutoff 5e-4 tol,none,openmm.LangevinMiddleIntegrator,1, 12.0,1e-06,     0.0
SrcExplicit PME  9A cutoff 5e-4 tol,none,CustomMTSLangevinMiddleIntegrator,1, 12.0,1e-06,     0.0
SrcExplicit PME  9A cutoff 5e-4 tol,none,openmm.LangevinMiddleIntegrator,1, 13.0,1e-06,     0.0
SrcExplicit PME  9A cutoff 5e-4 tol,none,CustomMTSLangevinMiddleIntegrator,1, 13.0,1e-06,     0.0
SrcExplicit PME  9A cutoff 5e-4 tol,none,openmm.LangevinMiddleIntegrator,1, 14.0,1e-06,     0.0
SrcExplicit PME  9A cutoff 5e-4 tol,none,CustomMTSLangevinMiddleIntegrator,1, 14.0,1e-06,     0.0
SrcExplicit PME  9A cutoff 5e-4 tol,none,openmm.LangevinMiddleIntegrator,1, 15.0,1e-06,     0.0
SrcExplicit PME  9A cutoff 5e-4 tol,none,CustomMTSLangevinMiddleIntegrator,1, 15.0,1e-06,     0.0
SrcExplicit PME  9A cutoff 5e-4 tol,none,openmm.LangevinMiddleIntegrator,1, 16.0,1e-06,     0.0
SrcExplicit PME  9A cutoff 5e-4 tol,none,CustomMTSLangevinMiddleIntegrator,1, 16.0,1e-06,     0.0
SrcExplicit PME  9A cutoff 5e-4 tol,none,openmm.LangevinMiddleIntegrator,1, 17.0,1e-06,     0.0
SrcExplicit PME  9A cutoff 5e-4 tol,none,CustomMTSLangevinMiddleIntegrator,1, 17.0,1e-06,     0.0
SrcExplicit PME  9A cutoff 5e-4 tol,none,openmm.LangevinMiddleIntegrator,1, 18.0,1e-06,     0.0
SrcExplicit PME  9A cutoff 5e-4 tol,none,CustomMTSLangevinMiddleIntegrator,1, 18.0,1e-06,     0.0
SrcExplicit PME  9A cutoff 5e-4 tol,none,openmm.LangevinMiddleIntegrator,1, 19.0,1e-06,     0.0
SrcExplicit PME  9A cutoff 5e-4 tol,none,CustomMTSLangevinMiddleIntegrator,1, 19.0,1e-06,     0.0
SrcExplicit PME  9A cutoff 5e-4 tol,none,openmm.LangevinMiddleIntegrator,1, 20.0,1e-06,     0.0
SrcExplicit PME  9A cutoff 5e-4 tol,none,CustomMTSLangevinMiddleIntegrator,1, 20.0,1e-06,     0.0
SrcExplicit PME  9A cutoff 5e-4 tol,none,openmm.LangevinMiddleIntegrator,1, 21.0,1e-06,     0.0
SrcExplicit PME  9A cutoff 5e-4 tol,none,CustomMTSLangevinMiddleIntegrator,1, 21.0,1e-06,     0.0
SrcExplicit PME  9A cutoff 5e-4 tol,none,openmm.LangevinMiddleIntegrator,1, 22.0,1e-06,     0.0
SrcExplicit PME  9A cutoff 5e-4 tol,none,CustomMTSLangevinMiddleIntegrator,1, 22.0,1e-06,     0.0
SrcExplicit PME  9A cutoff 5e-4 tol,none,openmm.LangevinMiddleIntegrator,1, 23.0,1e-06,     0.0
SrcExplicit PME  9A cutoff 5e-4 tol,none,CustomMTSLangevinMiddleIntegrator,1, 23.0,1e-06,     0.0
SrcExplicit PME  9A cutoff 5e-4 tol,none,openmm.LangevinMiddleIntegrator,1, 24.0,1e-06,     0.0
SrcExplicit PME  9A cutoff 5e-4 tol,none,CustomMTSLangevinMiddleIntegrator,1, 24.0,1e-06,     0.0
SrcExplicit PME  9A cutoff 5e-4 tol,none,openmm.LangevinMiddleIntegrator,1, 25.0,1e-06,     0.0
SrcExplicit PME  9A cutoff 5e-4 tol,none,CustomMTSLangevinMiddleIntegrator,1, 25.0,1e-06,     0.0
SrcExplicit PME  9A cutoff 5e-4 tol,none,openmm.LangevinMiddleIntegrator,1, 26.0,1e-06,     0.0
SrcExplicit PME  9A cutoff 5e-4 tol,none,CustomMTSLangevinMiddleIntegrator,1, 26.0,1e-06,     0.0
SrcExplicit PME  9A cutoff 5e-4 tol,none,openmm.LangevinMiddleIntegrator,1, 27.0,1e-06,     0.0
SrcExplicit PME  9A cutoff 5e-4 tol,none,CustomMTSLangevinMiddleIntegrator,1, 27.0,1e-06,     0.0
SrcExplicit PME  9A cutoff 5e-4 tol,NonbondedForce-ReciprocalSpace,CustomMTSLangevinMiddleIntegrator,3,  1.0,1e-06,    30.2
SrcExplicit PME  9A cutoff 5e-4 tol,NonbondedForce-ReciprocalSpace,CustomMTSLangevinMiddleIntegrator,3,  2.0,1e-06,    59.3
SrcExplicit PME  9A cutoff 5e-4 tol,NonbondedForce-ReciprocalSpace,CustomMTSLangevinMiddleIntegrator,3,  3.0,1e-06,    87.3
SrcExplicit PME  9A cutoff 5e-4 tol,NonbondedForce-ReciprocalSpace,CustomMTSLangevinMiddleIntegrator,3,  4.0,1e-06,   114.4
SrcExplicit PME  9A cutoff 5e-4 tol,NonbondedForce-ReciprocalSpace,CustomMTSLangevinMiddleIntegrator,3,  5.0,1e-06,   140.7
SrcExplicit PME  9A cutoff 5e-4 tol,NonbondedForce-ReciprocalSpace,CustomMTSLangevinMiddleIntegrator,3,  6.0,1e-06,   165.6
SrcExplicit PME  9A cutoff 5e-4 tol,NonbondedForce-ReciprocalSpace,CustomMTSLangevinMiddleIntegrator,3,  7.0,1e-06,   190.8
SrcExplicit PME  9A cutoff 5e-4 tol,NonbondedForce-ReciprocalSpace,CustomMTSLangevinMiddleIntegrator,3,  8.0,1e-06,   214.9
SrcExplicit PME  9A cutoff 5e-4 tol,NonbondedForce-ReciprocalSpace,CustomMTSLangevinMiddleIntegrator,3,  9.0,1e-06,   235.4
SrcExplicit PME  9A cutoff 5e-4 tol,NonbondedForce-ReciprocalSpace,CustomMTSLangevinMiddleIntegrator,3, 10.0,1e-06,   258.1
SrcExplicit PME  9A cutoff 5e-4 tol,NonbondedForce-ReciprocalSpace,CustomMTSLangevinMiddleIntegrator,3, 11.0,1e-06,   281.8
SrcExplicit PME  9A cutoff 5e-4 tol,NonbondedForce-ReciprocalSpace,CustomMTSLangevinMiddleIntegrator,3, 12.0,1e-06,   305.4
SrcExplicit PME  9A cutoff 5e-4 tol,NonbondedForce-ReciprocalSpace,CustomMTSLangevinMiddleIntegrator,3, 13.0,1e-06,   328.8
SrcExplicit PME  9A cutoff 5e-4 tol,NonbondedForce-ReciprocalSpace,CustomMTSLangevinMiddleIntegrator,3, 14.0,1e-06,     0.0
SrcExplicit PME  9A cutoff 5e-4 tol,NonbondedForce-ReciprocalSpace,CustomMTSLangevinMiddleIntegrator,3, 15.0,1e-06,     0.0
SrcExplicit PME  9A cutoff 5e-4 tol,NonbondedForce-ReciprocalSpace,CustomMTSLangevinMiddleIntegrator,3, 16.0,1e-06,     0.0
SrcExplicit PME  9A cutoff 5e-4 tol,NonbondedForce-ReciprocalSpace,CustomMTSLangevinMiddleIntegrator,3, 17.0,1e-06,     0.0
SrcExplicit PME  9A cutoff 5e-4 tol,NonbondedForce-ReciprocalSpace,CustomMTSLangevinMiddleIntegrator,3, 18.0,1e-06,     0.0
SrcExplicit PME  9A cutoff 5e-4 tol,NonbondedForce-ReciprocalSpace,CustomMTSLangevinMiddleIntegrator,3, 19.0,1e-06,     0.0
SrcExplicit PME  9A cutoff 5e-4 tol,NonbondedForce-ReciprocalSpace,CustomMTSLangevinMiddleIntegrator,3, 20.0,1e-06,     0.0
SrcExplicit PME  9A cutoff 5e-4 tol,NonbondedForce-ReciprocalSpace,CustomMTSLangevinMiddleIntegrator,3, 21.0,1e-06,     0.0
SrcExplicit PME  9A cutoff 5e-4 tol,NonbondedForce-ReciprocalSpace,CustomMTSLangevinMiddleIntegrator,3, 22.0,1e-06,     0.0
SrcExplicit PME  9A cutoff 5e-4 tol,NonbondedForce-ReciprocalSpace,CustomMTSLangevinMiddleIntegrator,3, 23.0,1e-06,     0.0
SrcExplicit PME  9A cutoff 5e-4 tol,NonbondedForce-ReciprocalSpace,CustomMTSLangevinMiddleIntegrator,3, 24.0,1e-06,     0.0
SrcExplicit PME  9A cutoff 5e-4 tol,NonbondedForce-ReciprocalSpace,CustomMTSLangevinMiddleIntegrator,3, 25.0,1e-06,     0.0
SrcExplicit PME  9A cutoff 5e-4 tol,NonbondedForce-ReciprocalSpace,CustomMTSLangevinMiddleIntegrator,3, 26.0,1e-06,     0.0
SrcExplicit PME  9A cutoff 5e-4 tol,NonbondedForce-ReciprocalSpace,CustomMTSLangevinMiddleIntegrator,3, 27.0,1e-06,     0.0
SrcExplicit PME  9A cutoff 5e-4 tol,NonbondedForce-ReciprocalSpace,CustomMTSLangevinMiddleIntegrator,5,  1.0,1e-06,    19.3
SrcExplicit PME  9A cutoff 5e-4 tol,NonbondedForce-ReciprocalSpace,CustomMTSLangevinMiddleIntegrator,5,  2.0,1e-06,    38.2
SrcExplicit PME  9A cutoff 5e-4 tol,NonbondedForce-ReciprocalSpace,CustomMTSLangevinMiddleIntegrator,5,  3.0,1e-06,    56.6
SrcExplicit PME  9A cutoff 5e-4 tol,NonbondedForce-ReciprocalSpace,CustomMTSLangevinMiddleIntegrator,5,  4.0,1e-06,    74.5
SrcExplicit PME  9A cutoff 5e-4 tol,NonbondedForce-ReciprocalSpace,CustomMTSLangevinMiddleIntegrator,5,  5.0,1e-06,    92.0
SrcExplicit PME  9A cutoff 5e-4 tol,NonbondedForce-ReciprocalSpace,CustomMTSLangevinMiddleIntegrator,5,  6.0,1e-06,   108.9
SrcExplicit PME  9A cutoff 5e-4 tol,NonbondedForce-ReciprocalSpace,CustomMTSLangevinMiddleIntegrator,5,  7.0,1e-06,   125.5
SrcExplicit PME  9A cutoff 5e-4 tol,NonbondedForce-ReciprocalSpace,CustomMTSLangevinMiddleIntegrator,5,  8.0,1e-06,   141.7
SrcExplicit PME  9A cutoff 5e-4 tol,NonbondedForce-ReciprocalSpace,CustomMTSLangevinMiddleIntegrator,5,  9.0,1e-06,   153.4
SrcExplicit PME  9A cutoff 5e-4 tol,NonbondedForce-ReciprocalSpace,CustomMTSLangevinMiddleIntegrator,5, 10.0,1e-06,   172.2
SrcExplicit PME  9A cutoff 5e-4 tol,NonbondedForce-ReciprocalSpace,CustomMTSLangevinMiddleIntegrator,5, 11.0,1e-06,   187.6
SrcExplicit PME  9A cutoff 5e-4 tol,NonbondedForce-ReciprocalSpace,CustomMTSLangevinMiddleIntegrator,5, 12.0,1e-06,   203.5
SrcExplicit PME  9A cutoff 5e-4 tol,NonbondedForce-ReciprocalSpace,CustomMTSLangevinMiddleIntegrator,5, 13.0,1e-06,   217.2
SrcExplicit PME  9A cutoff 5e-4 tol,NonbondedForce-ReciprocalSpace,CustomMTSLangevinMiddleIntegrator,5, 14.0,1e-06,   228.3
SrcExplicit PME  9A cutoff 5e-4 tol,NonbondedForce-ReciprocalSpace,CustomMTSLangevinMiddleIntegrator,5, 15.0,1e-06,   239.5
SrcExplicit PME  9A cutoff 5e-4 tol,NonbondedForce-ReciprocalSpace,CustomMTSLangevinMiddleIntegrator,5, 16.0,1e-06,     0.0
SrcExplicit PME  9A cutoff 5e-4 tol,NonbondedForce-ReciprocalSpace,CustomMTSLangevinMiddleIntegrator,5, 17.0,1e-06,     0.0
SrcExplicit PME  9A cutoff 5e-4 tol,NonbondedForce-ReciprocalSpace,CustomMTSLangevinMiddleIntegrator,5, 18.0,1e-06,     0.0
SrcExplicit PME  9A cutoff 5e-4 tol,NonbondedForce-ReciprocalSpace,CustomMTSLangevinMiddleIntegrator,5, 19.0,1e-06,     0.0
SrcExplicit PME  9A cutoff 5e-4 tol,NonbondedForce-ReciprocalSpace,CustomMTSLangevinMiddleIntegrator,5, 20.0,1e-06,     0.0
SrcExplicit PME  9A cutoff 5e-4 tol,NonbondedForce-ReciprocalSpace,CustomMTSLangevinMiddleIntegrator,5, 21.0,1e-06,     0.0
SrcExplicit PME  9A cutoff 5e-4 tol,NonbondedForce-ReciprocalSpace,CustomMTSLangevinMiddleIntegrator,5, 22.0,1e-06,     0.0
SrcExplicit PME  9A cutoff 5e-4 tol,NonbondedForce-ReciprocalSpace,CustomMTSLangevinMiddleIntegrator,5, 23.0,1e-06,     0.0
SrcExplicit PME  9A cutoff 5e-4 tol,NonbondedForce-ReciprocalSpace,CustomMTSLangevinMiddleIntegrator,5, 24.0,1e-06,     0.0
SrcExplicit PME  9A cutoff 5e-4 tol,NonbondedForce-ReciprocalSpace,CustomMTSLangevinMiddleIntegrator,5, 25.0,1e-06,     0.0
SrcExplicit PME  9A cutoff 5e-4 tol,NonbondedForce-ReciprocalSpace,CustomMTSLangevinMiddleIntegrator,5, 26.0,1e-06,     0.0
SrcExplicit PME  9A cutoff 5e-4 tol,NonbondedForce-ReciprocalSpace,CustomMTSLangevinMiddleIntegrator,5, 27.0,1e-06,     0.0
SrcExplicit PME  9A cutoff 1e-4 tol,none,openmm.LangevinMiddleIntegrator,1,  1.0,1e-06,    54.1
SrcExplicit PME  9A cutoff 1e-4 tol,none,CustomMTSLangevinMiddleIntegrator,1,  1.0,1e-06,    50.0
SrcExplicit PME  9A cutoff 1e-4 tol,none,openmm.LangevinMiddleIntegrator,1,  2.0,1e-06,   108.7
SrcExplicit PME  9A cutoff 1e-4 tol,none,CustomMTSLangevinMiddleIntegrator,1,  2.0,1e-06,    98.2
SrcExplicit PME  9A cutoff 1e-4 tol,none,openmm.LangevinMiddleIntegrator,1,  3.0,1e-06,   159.4
SrcExplicit PME  9A cutoff 1e-4 tol,none,CustomMTSLangevinMiddleIntegrator,1,  3.0,1e-06,   144.0
SrcExplicit PME  9A cutoff 1e-4 tol,none,openmm.LangevinMiddleIntegrator,1,  4.0,1e-06,   207.0
SrcExplicit PME  9A cutoff 1e-4 tol,none,CustomMTSLangevinMiddleIntegrator,1,  4.0,1e-06,   187.5
SrcExplicit PME  9A cutoff 1e-4 tol,none,openmm.LangevinMiddleIntegrator,1,  5.0,1e-06,     0.0
SrcExplicit PME  9A cutoff 1e-4 tol,none,CustomMTSLangevinMiddleIntegrator,1,  5.0,1e-06,     0.0
SrcExplicit PME  9A cutoff 1e-4 tol,none,openmm.LangevinMiddleIntegrator,1,  6.0,1e-06,     0.0
SrcExplicit PME  9A cutoff 1e-4 tol,none,CustomMTSLangevinMiddleIntegrator,1,  6.0,1e-06,     0.0
SrcExplicit PME  9A cutoff 1e-4 tol,none,openmm.LangevinMiddleIntegrator,1,  7.0,1e-06,     0.0
SrcExplicit PME  9A cutoff 1e-4 tol,none,CustomMTSLangevinMiddleIntegrator,1,  7.0,1e-06,     0.0
SrcExplicit PME  9A cutoff 1e-4 tol,none,openmm.LangevinMiddleIntegrator,1,  8.0,1e-06,     0.0
SrcExplicit PME  9A cutoff 1e-4 tol,none,CustomMTSLangevinMiddleIntegrator,1,  8.0,1e-06,     0.0
SrcExplicit PME  9A cutoff 1e-4 tol,none,openmm.LangevinMiddleIntegrator,1,  9.0,1e-06,     0.0
SrcExplicit PME  9A cutoff 1e-4 tol,none,CustomMTSLangevinMiddleIntegrator,1,  9.0,1e-06,     0.0
SrcExplicit PME  9A cutoff 1e-4 tol,none,openmm.LangevinMiddleIntegrator,1, 10.0,1e-06,     0.0
SrcExplicit PME  9A cutoff 1e-4 tol,none,CustomMTSLangevinMiddleIntegrator,1, 10.0,1e-06,     0.0
SrcExplicit PME  9A cutoff 1e-4 tol,none,openmm.LangevinMiddleIntegrator,1, 11.0,1e-06,     0.0
SrcExplicit PME  9A cutoff 1e-4 tol,none,CustomMTSLangevinMiddleIntegrator,1, 11.0,1e-06,     0.0
SrcExplicit PME  9A cutoff 1e-4 tol,none,openmm.LangevinMiddleIntegrator,1, 12.0,1e-06,     0.0
SrcExplicit PME  9A cutoff 1e-4 tol,none,CustomMTSLangevinMiddleIntegrator,1, 12.0,1e-06,     0.0
SrcExplicit PME  9A cutoff 1e-4 tol,none,openmm.LangevinMiddleIntegrator,1, 13.0,1e-06,     0.0
SrcExplicit PME  9A cutoff 1e-4 tol,none,CustomMTSLangevinMiddleIntegrator,1, 13.0,1e-06,     0.0
SrcExplicit PME  9A cutoff 1e-4 tol,none,openmm.LangevinMiddleIntegrator,1, 14.0,1e-06,     0.0
SrcExplicit PME  9A cutoff 1e-4 tol,none,CustomMTSLangevinMiddleIntegrator,1, 14.0,1e-06,     0.0
SrcExplicit PME  9A cutoff 1e-4 tol,none,openmm.LangevinMiddleIntegrator,1, 15.0,1e-06,     0.0
SrcExplicit PME  9A cutoff 1e-4 tol,none,CustomMTSLangevinMiddleIntegrator,1, 15.0,1e-06,     0.0
SrcExplicit PME  9A cutoff 1e-4 tol,none,openmm.LangevinMiddleIntegrator,1, 16.0,1e-06,     0.0
SrcExplicit PME  9A cutoff 1e-4 tol,none,CustomMTSLangevinMiddleIntegrator,1, 16.0,1e-06,     0.0
SrcExplicit PME  9A cutoff 1e-4 tol,none,openmm.LangevinMiddleIntegrator,1, 17.0,1e-06,     0.0
SrcExplicit PME  9A cutoff 1e-4 tol,none,CustomMTSLangevinMiddleIntegrator,1, 17.0,1e-06,     0.0
SrcExplicit PME  9A cutoff 1e-4 tol,none,openmm.LangevinMiddleIntegrator,1, 18.0,1e-06,     0.0
SrcExplicit PME  9A cutoff 1e-4 tol,none,CustomMTSLangevinMiddleIntegrator,1, 18.0,1e-06,     0.0
SrcExplicit PME  9A cutoff 1e-4 tol,none,openmm.LangevinMiddleIntegrator,1, 19.0,1e-06,     0.0
SrcExplicit PME  9A cutoff 1e-4 tol,none,CustomMTSLangevinMiddleIntegrator,1, 19.0,1e-06,     0.0
SrcExplicit PME  9A cutoff 1e-4 tol,none,openmm.LangevinMiddleIntegrator,1, 20.0,1e-06,     0.0
SrcExplicit PME  9A cutoff 1e-4 tol,none,CustomMTSLangevinMiddleIntegrator,1, 20.0,1e-06,     0.0
SrcExplicit PME  9A cutoff 1e-4 tol,none,openmm.LangevinMiddleIntegrator,1, 21.0,1e-06,     0.0
SrcExplicit PME  9A cutoff 1e-4 tol,none,CustomMTSLangevinMiddleIntegrator,1, 21.0,1e-06,     0.0
SrcExplicit PME  9A cutoff 1e-4 tol,none,openmm.LangevinMiddleIntegrator,1, 22.0,1e-06,     0.0
SrcExplicit PME  9A cutoff 1e-4 tol,none,CustomMTSLangevinMiddleIntegrator,1, 22.0,1e-06,     0.0
SrcExplicit PME  9A cutoff 1e-4 tol,none,openmm.LangevinMiddleIntegrator,1, 23.0,1e-06,     0.0
SrcExplicit PME  9A cutoff 1e-4 tol,none,CustomMTSLangevinMiddleIntegrator,1, 23.0,1e-06,     0.0
SrcExplicit PME  9A cutoff 1e-4 tol,none,openmm.LangevinMiddleIntegrator,1, 24.0,1e-06,     0.0
SrcExplicit PME  9A cutoff 1e-4 tol,none,CustomMTSLangevinMiddleIntegrator,1, 24.0,1e-06,     0.0
SrcExplicit PME  9A cutoff 1e-4 tol,none,openmm.LangevinMiddleIntegrator,1, 25.0,1e-06,     0.0
SrcExplicit PME  9A cutoff 1e-4 tol,none,CustomMTSLangevinMiddleIntegrator,1, 25.0,1e-06,     0.0
SrcExplicit PME  9A cutoff 1e-4 tol,none,openmm.LangevinMiddleIntegrator,1, 26.0,1e-06,     0.0
SrcExplicit PME  9A cutoff 1e-4 tol,none,CustomMTSLangevinMiddleIntegrator,1, 26.0,1e-06,     0.0
SrcExplicit PME  9A cutoff 1e-4 tol,none,openmm.LangevinMiddleIntegrator,1, 27.0,1e-06,     0.0
SrcExplicit PME  9A cutoff 1e-4 tol,none,CustomMTSLangevinMiddleIntegrator,1, 27.0,1e-06,     0.0
SrcExplicit PME  9A cutoff 1e-4 tol,NonbondedForce-ReciprocalSpace,CustomMTSLangevinMiddleIntegrator,3,  1.0,1e-06,    25.6
SrcExplicit PME  9A cutoff 1e-4 tol,NonbondedForce-ReciprocalSpace,CustomMTSLangevinMiddleIntegrator,3,  2.0,1e-06,    50.6
SrcExplicit PME  9A cutoff 1e-4 tol,NonbondedForce-ReciprocalSpace,CustomMTSLangevinMiddleIntegrator,3,  3.0,1e-06,    74.8
SrcExplicit PME  9A cutoff 1e-4 tol,NonbondedForce-ReciprocalSpace,CustomMTSLangevinMiddleIntegrator,3,  4.0,1e-06,    98.0
SrcExplicit PME  9A cutoff 1e-4 tol,NonbondedForce-ReciprocalSpace,CustomMTSLangevinMiddleIntegrator,3,  5.0,1e-06,   120.8
SrcExplicit PME  9A cutoff 1e-4 tol,NonbondedForce-ReciprocalSpace,CustomMTSLangevinMiddleIntegrator,3,  6.0,1e-06,   142.7
SrcExplicit PME  9A cutoff 1e-4 tol,NonbondedForce-ReciprocalSpace,CustomMTSLangevinMiddleIntegrator,3,  7.0,1e-06,   164.4
SrcExplicit PME  9A cutoff 1e-4 tol,NonbondedForce-ReciprocalSpace,CustomMTSLangevinMiddleIntegrator,3,  8.0,1e-06,   185.7
SrcExplicit PME  9A cutoff 1e-4 tol,NonbondedForce-ReciprocalSpace,CustomMTSLangevinMiddleIntegrator,3,  9.0,1e-06,   203.6
SrcExplicit PME  9A cutoff 1e-4 tol,NonbondedForce-ReciprocalSpace,CustomMTSLangevinMiddleIntegrator,3, 10.0,1e-06,   223.6
SrcExplicit PME  9A cutoff 1e-4 tol,NonbondedForce-ReciprocalSpace,CustomMTSLangevinMiddleIntegrator,3, 11.0,1e-06,   242.9
SrcExplicit PME  9A cutoff 1e-4 tol,NonbondedForce-ReciprocalSpace,CustomMTSLangevinMiddleIntegrator,3, 12.0,1e-06,   261.9
SrcExplicit PME  9A cutoff 1e-4 tol,NonbondedForce-ReciprocalSpace,CustomMTSLangevinMiddleIntegrator,3, 13.0,1e-06,   281.7
SrcExplicit PME  9A cutoff 1e-4 tol,NonbondedForce-ReciprocalSpace,CustomMTSLangevinMiddleIntegrator,3, 14.0,1e-06,     0.0
SrcExplicit PME  9A cutoff 1e-4 tol,NonbondedForce-ReciprocalSpace,CustomMTSLangevinMiddleIntegrator,3, 15.0,1e-06,     0.0
SrcExplicit PME  9A cutoff 1e-4 tol,NonbondedForce-ReciprocalSpace,CustomMTSLangevinMiddleIntegrator,3, 16.0,1e-06,     0.0
SrcExplicit PME  9A cutoff 1e-4 tol,NonbondedForce-ReciprocalSpace,CustomMTSLangevinMiddleIntegrator,3, 17.0,1e-06,     0.0
SrcExplicit PME  9A cutoff 1e-4 tol,NonbondedForce-ReciprocalSpace,CustomMTSLangevinMiddleIntegrator,3, 18.0,1e-06,     0.0
SrcExplicit PME  9A cutoff 1e-4 tol,NonbondedForce-ReciprocalSpace,CustomMTSLangevinMiddleIntegrator,3, 19.0,1e-06,     0.0
SrcExplicit PME  9A cutoff 1e-4 tol,NonbondedForce-ReciprocalSpace,CustomMTSLangevinMiddleIntegrator,3, 20.0,1e-06,     0.0
SrcExplicit PME  9A cutoff 1e-4 tol,NonbondedForce-ReciprocalSpace,CustomMTSLangevinMiddleIntegrator,3, 21.0,1e-06,     0.0
SrcExplicit PME  9A cutoff 1e-4 tol,NonbondedForce-ReciprocalSpace,CustomMTSLangevinMiddleIntegrator,3, 22.0,1e-06,     0.0
SrcExplicit PME  9A cutoff 1e-4 tol,NonbondedForce-ReciprocalSpace,CustomMTSLangevinMiddleIntegrator,3, 23.0,1e-06,     0.0
SrcExplicit PME  9A cutoff 1e-4 tol,NonbondedForce-ReciprocalSpace,CustomMTSLangevinMiddleIntegrator,3, 24.0,1e-06,     0.0
SrcExplicit PME  9A cutoff 1e-4 tol,NonbondedForce-ReciprocalSpace,CustomMTSLangevinMiddleIntegrator,3, 25.0,1e-06,     0.0
SrcExplicit PME  9A cutoff 1e-4 tol,NonbondedForce-ReciprocalSpace,CustomMTSLangevinMiddleIntegrator,3, 26.0,1e-06,     0.0
SrcExplicit PME  9A cutoff 1e-4 tol,NonbondedForce-ReciprocalSpace,CustomMTSLangevinMiddleIntegrator,3, 27.0,1e-06,     0.0
SrcExplicit PME  9A cutoff 1e-4 tol,NonbondedForce-ReciprocalSpace,CustomMTSLangevinMiddleIntegrator,5,  1.0,1e-06,    17.2
SrcExplicit PME  9A cutoff 1e-4 tol,NonbondedForce-ReciprocalSpace,CustomMTSLangevinMiddleIntegrator,5,  2.0,1e-06,    34.1
SrcExplicit PME  9A cutoff 1e-4 tol,NonbondedForce-ReciprocalSpace,CustomMTSLangevinMiddleIntegrator,5,  3.0,1e-06,    50.5
SrcExplicit PME  9A cutoff 1e-4 tol,NonbondedForce-ReciprocalSpace,CustomMTSLangevinMiddleIntegrator,5,  4.0,1e-06,    66.6
SrcExplicit PME  9A cutoff 1e-4 tol,NonbondedForce-ReciprocalSpace,CustomMTSLangevinMiddleIntegrator,5,  5.0,1e-06,    82.2
SrcExplicit PME  9A cutoff 1e-4 tol,NonbondedForce-ReciprocalSpace,CustomMTSLangevinMiddleIntegrator,5,  6.0,1e-06,    97.6
SrcExplicit PME  9A cutoff 1e-4 tol,NonbondedForce-ReciprocalSpace,CustomMTSLangevinMiddleIntegrator,5,  7.0,1e-06,   112.5
SrcExplicit PME  9A cutoff 1e-4 tol,NonbondedForce-ReciprocalSpace,CustomMTSLangevinMiddleIntegrator,5,  8.0,1e-06,   127.2
SrcExplicit PME  9A cutoff 1e-4 tol,NonbondedForce-ReciprocalSpace,CustomMTSLangevinMiddleIntegrator,5,  9.0,1e-06,   136.0
SrcExplicit PME  9A cutoff 1e-4 tol,NonbondedForce-ReciprocalSpace,CustomMTSLangevinMiddleIntegrator,5, 10.0,1e-06,   154.8
SrcExplicit PME  9A cutoff 1e-4 tol,NonbondedForce-ReciprocalSpace,CustomMTSLangevinMiddleIntegrator,5, 11.0,1e-06,   167.3
SrcExplicit PME  9A cutoff 1e-4 tol,NonbondedForce-ReciprocalSpace,CustomMTSLangevinMiddleIntegrator,5, 12.0,1e-06,   183.3
SrcExplicit PME  9A cutoff 1e-4 tol,NonbondedForce-ReciprocalSpace,CustomMTSLangevinMiddleIntegrator,5, 13.0,1e-06,   196.1
SrcExplicit PME  9A cutoff 1e-4 tol,NonbondedForce-ReciprocalSpace,CustomMTSLangevinMiddleIntegrator,5, 14.0,1e-06,   205.7
SrcExplicit PME  9A cutoff 1e-4 tol,NonbondedForce-ReciprocalSpace,CustomMTSLangevinMiddleIntegrator,5, 15.0,1e-06,   215.7
SrcExplicit PME  9A cutoff 1e-4 tol,NonbondedForce-ReciprocalSpace,CustomMTSLangevinMiddleIntegrator,5, 16.0,1e-06,     0.0
SrcExplicit PME  9A cutoff 1e-4 tol,NonbondedForce-ReciprocalSpace,CustomMTSLangevinMiddleIntegrator,5, 17.0,1e-06,     0.0
SrcExplicit PME  9A cutoff 1e-4 tol,NonbondedForce-ReciprocalSpace,CustomMTSLangevinMiddleIntegrator,5, 18.0,1e-06,     0.0
SrcExplicit PME  9A cutoff 1e-4 tol,NonbondedForce-ReciprocalSpace,CustomMTSLangevinMiddleIntegrator,5, 19.0,1e-06,     0.0
SrcExplicit PME  9A cutoff 1e-4 tol,NonbondedForce-ReciprocalSpace,CustomMTSLangevinMiddleIntegrator,5, 20.0,1e-06,     0.0
SrcExplicit PME  9A cutoff 1e-4 tol,NonbondedForce-ReciprocalSpace,CustomMTSLangevinMiddleIntegrator,5, 21.0,1e-06,     0.0
SrcExplicit PME  9A cutoff 1e-4 tol,NonbondedForce-ReciprocalSpace,CustomMTSLangevinMiddleIntegrator,5, 22.0,1e-06,     0.0
SrcExplicit PME  9A cutoff 1e-4 tol,NonbondedForce-ReciprocalSpace,CustomMTSLangevinMiddleIntegrator,5, 23.0,1e-06,     0.0
SrcExplicit PME  9A cutoff 1e-4 tol,NonbondedForce-ReciprocalSpace,CustomMTSLangevinMiddleIntegrator,5, 24.0,1e-06,     0.0
SrcExplicit PME  9A cutoff 1e-4 tol,NonbondedForce-ReciprocalSpace,CustomMTSLangevinMiddleIntegrator,5, 25.0,1e-06,     0.0
SrcExplicit PME  9A cutoff 1e-4 tol,NonbondedForce-ReciprocalSpace,CustomMTSLangevinMiddleIntegrator,5, 26.0,1e-06,     0.0
SrcExplicit PME  9A cutoff 1e-4 tol,NonbondedForce-ReciprocalSpace,CustomMTSLangevinMiddleIntegrator,5, 27.0,1e-06,     0.0
SrcExplicit PME  9A cutoff 5e-5 tol,none,openmm.LangevinMiddleIntegrator,1,  1.0,1e-06,    42.6
SrcExplicit PME  9A cutoff 5e-5 tol,none,CustomMTSLangevinMiddleIntegrator,1,  1.0,1e-06,    39.2
SrcExplicit PME  9A cutoff 5e-5 tol,none,openmm.LangevinMiddleIntegrator,1,  2.0,1e-06,    84.3
SrcExplicit PME  9A cutoff 5e-5 tol,none,CustomMTSLangevinMiddleIntegrator,1,  2.0,1e-06,    76.7
SrcExplicit PME  9A cutoff 5e-5 tol,none,openmm.LangevinMiddleIntegrator,1,  3.0,1e-06,   123.4
SrcExplicit PME  9A cutoff 5e-5 tol,none,CustomMTSLangevinMiddleIntegrator,1,  3.0,1e-06,   112.7
SrcExplicit PME  9A cutoff 5e-5 tol,none,openmm.LangevinMiddleIntegrator,1,  4.0,1e-06,   160.4
SrcExplicit PME  9A cutoff 5e-5 tol,none,CustomMTSLangevinMiddleIntegrator,1,  4.0,1e-06,   146.3
SrcExplicit PME  9A cutoff 5e-5 tol,none,openmm.LangevinMiddleIntegrator,1,  5.0,1e-06,   198.8
SrcExplicit PME  9A cutoff 5e-5 tol,none,CustomMTSLangevinMiddleIntegrator,1,  5.0,1e-06,   160.5
SrcExplicit PME  9A cutoff 5e-5 tol,none,openmm.LangevinMiddleIntegrator,1,  6.0,1e-06,     0.0
SrcExplicit PME  9A cutoff 5e-5 tol,none,CustomMTSLangevinMiddleIntegrator,1,  6.0,1e-06,     0.0
SrcExplicit PME  9A cutoff 5e-5 tol,none,openmm.LangevinMiddleIntegrator,1,  7.0,1e-06,     0.0
SrcExplicit PME  9A cutoff 5e-5 tol,none,CustomMTSLangevinMiddleIntegrator,1,  7.0,1e-06,     0.0
SrcExplicit PME  9A cutoff 5e-5 tol,none,openmm.LangevinMiddleIntegrator,1,  8.0,1e-06,     0.0
SrcExplicit PME  9A cutoff 5e-5 tol,none,CustomMTSLangevinMiddleIntegrator,1,  8.0,1e-06,     0.0
SrcExplicit PME  9A cutoff 5e-5 tol,none,openmm.LangevinMiddleIntegrator,1,  9.0,1e-06,     0.0
SrcExplicit PME  9A cutoff 5e-5 tol,none,CustomMTSLangevinMiddleIntegrator,1,  9.0,1e-06,     0.0
SrcExplicit PME  9A cutoff 5e-5 tol,none,openmm.LangevinMiddleIntegrator,1, 10.0,1e-06,     0.0
SrcExplicit PME  9A cutoff 5e-5 tol,none,CustomMTSLangevinMiddleIntegrator,1, 10.0,1e-06,     0.0
SrcExplicit PME  9A cutoff 5e-5 tol,none,openmm.LangevinMiddleIntegrator,1, 11.0,1e-06,     0.0
SrcExplicit PME  9A cutoff 5e-5 tol,none,CustomMTSLangevinMiddleIntegrator,1, 11.0,1e-06,     0.0
SrcExplicit PME  9A cutoff 5e-5 tol,none,openmm.LangevinMiddleIntegrator,1, 12.0,1e-06,     0.0
SrcExplicit PME  9A cutoff 5e-5 tol,none,CustomMTSLangevinMiddleIntegrator,1, 12.0,1e-06,     0.0
SrcExplicit PME  9A cutoff 5e-5 tol,none,openmm.LangevinMiddleIntegrator,1, 13.0,1e-06,     0.0
SrcExplicit PME  9A cutoff 5e-5 tol,none,CustomMTSLangevinMiddleIntegrator,1, 13.0,1e-06,     0.0
SrcExplicit PME  9A cutoff 5e-5 tol,none,openmm.LangevinMiddleIntegrator,1, 14.0,1e-06,     0.0
SrcExplicit PME  9A cutoff 5e-5 tol,none,CustomMTSLangevinMiddleIntegrator,1, 14.0,1e-06,     0.0
SrcExplicit PME  9A cutoff 5e-5 tol,none,openmm.LangevinMiddleIntegrator,1, 15.0,1e-06,     0.0
SrcExplicit PME  9A cutoff 5e-5 tol,none,CustomMTSLangevinMiddleIntegrator,1, 15.0,1e-06,     0.0
SrcExplicit PME  9A cutoff 5e-5 tol,none,openmm.LangevinMiddleIntegrator,1, 16.0,1e-06,     0.0
SrcExplicit PME  9A cutoff 5e-5 tol,none,CustomMTSLangevinMiddleIntegrator,1, 16.0,1e-06,     0.0
SrcExplicit PME  9A cutoff 5e-5 tol,none,openmm.LangevinMiddleIntegrator,1, 17.0,1e-06,     0.0
SrcExplicit PME  9A cutoff 5e-5 tol,none,CustomMTSLangevinMiddleIntegrator,1, 17.0,1e-06,     0.0
SrcExplicit PME  9A cutoff 5e-5 tol,none,openmm.LangevinMiddleIntegrator,1, 18.0,1e-06,     0.0
SrcExplicit PME  9A cutoff 5e-5 tol,none,CustomMTSLangevinMiddleIntegrator,1, 18.0,1e-06,     0.0
SrcExplicit PME  9A cutoff 5e-5 tol,none,openmm.LangevinMiddleIntegrator,1, 19.0,1e-06,     0.0
SrcExplicit PME  9A cutoff 5e-5 tol,none,CustomMTSLangevinMiddleIntegrator,1, 19.0,1e-06,     0.0
SrcExplicit PME  9A cutoff 5e-5 tol,none,openmm.LangevinMiddleIntegrator,1, 20.0,1e-06,     0.0
SrcExplicit PME  9A cutoff 5e-5 tol,none,CustomMTSLangevinMiddleIntegrator,1, 20.0,1e-06,     0.0
SrcExplicit PME  9A cutoff 5e-5 tol,none,openmm.LangevinMiddleIntegrator,1, 21.0,1e-06,     0.0
SrcExplicit PME  9A cutoff 5e-5 tol,none,CustomMTSLangevinMiddleIntegrator,1, 21.0,1e-06,     0.0
SrcExplicit PME  9A cutoff 5e-5 tol,none,openmm.LangevinMiddleIntegrator,1, 22.0,1e-06,     0.0
SrcExplicit PME  9A cutoff 5e-5 tol,none,CustomMTSLangevinMiddleIntegrator,1, 22.0,1e-06,     0.0
SrcExplicit PME  9A cutoff 5e-5 tol,none,openmm.LangevinMiddleIntegrator,1, 23.0,1e-06,     0.0
SrcExplicit PME  9A cutoff 5e-5 tol,none,CustomMTSLangevinMiddleIntegrator,1, 23.0,1e-06,     0.0
SrcExplicit PME  9A cutoff 5e-5 tol,none,openmm.LangevinMiddleIntegrator,1, 24.0,1e-06,     0.0
SrcExplicit PME  9A cutoff 5e-5 tol,none,CustomMTSLangevinMiddleIntegrator,1, 24.0,1e-06,     0.0
SrcExplicit PME  9A cutoff 5e-5 tol,none,openmm.LangevinMiddleIntegrator,1, 25.0,1e-06,     0.0
SrcExplicit PME  9A cutoff 5e-5 tol,none,CustomMTSLangevinMiddleIntegrator,1, 25.0,1e-06,     0.0
SrcExplicit PME  9A cutoff 5e-5 tol,none,openmm.LangevinMiddleIntegrator,1, 26.0,1e-06,     0.0
SrcExplicit PME  9A cutoff 5e-5 tol,none,CustomMTSLangevinMiddleIntegrator,1, 26.0,1e-06,     0.0
SrcExplicit PME  9A cutoff 5e-5 tol,none,openmm.LangevinMiddleIntegrator,1, 27.0,1e-06,     0.0
SrcExplicit PME  9A cutoff 5e-5 tol,none,CustomMTSLangevinMiddleIntegrator,1, 27.0,1e-06,     0.0
SrcExplicit PME  9A cutoff 5e-5 tol,NonbondedForce-ReciprocalSpace,CustomMTSLangevinMiddleIntegrator,3,  1.0,1e-06,    22.2
SrcExplicit PME  9A cutoff 5e-5 tol,NonbondedForce-ReciprocalSpace,CustomMTSLangevinMiddleIntegrator,3,  2.0,1e-06,    43.8
SrcExplicit PME  9A cutoff 5e-5 tol,NonbondedForce-ReciprocalSpace,CustomMTSLangevinMiddleIntegrator,3,  3.0,1e-06,    64.8
SrcExplicit PME  9A cutoff 5e-5 tol,NonbondedForce-ReciprocalSpace,CustomMTSLangevinMiddleIntegrator,3,  4.0,1e-06,    85.4
SrcExplicit PME  9A cutoff 5e-5 tol,NonbondedForce-ReciprocalSpace,CustomMTSLangevinMiddleIntegrator,3,  5.0,1e-06,   105.5
SrcExplicit PME  9A cutoff 5e-5 tol,NonbondedForce-ReciprocalSpace,CustomMTSLangevinMiddleIntegrator,3,  6.0,1e-06,   124.7
SrcExplicit PME  9A cutoff 5e-5 tol,NonbondedForce-ReciprocalSpace,CustomMTSLangevinMiddleIntegrator,3,  7.0,1e-06,   144.0
SrcExplicit PME  9A cutoff 5e-5 tol,NonbondedForce-ReciprocalSpace,CustomMTSLangevinMiddleIntegrator,3,  8.0,1e-06,   163.2
SrcExplicit PME  9A cutoff 5e-5 tol,NonbondedForce-ReciprocalSpace,CustomMTSLangevinMiddleIntegrator,3,  9.0,1e-06,   179.3
SrcExplicit PME  9A cutoff 5e-5 tol,NonbondedForce-ReciprocalSpace,CustomMTSLangevinMiddleIntegrator,3, 10.0,1e-06,   197.5
SrcExplicit PME  9A cutoff 5e-5 tol,NonbondedForce-ReciprocalSpace,CustomMTSLangevinMiddleIntegrator,3, 11.0,1e-06,   214.9
SrcExplicit PME  9A cutoff 5e-5 tol,NonbondedForce-ReciprocalSpace,CustomMTSLangevinMiddleIntegrator,3, 12.0,1e-06,   229.8
SrcExplicit PME  9A cutoff 5e-5 tol,NonbondedForce-ReciprocalSpace,CustomMTSLangevinMiddleIntegrator,3, 13.0,1e-06,   250.7
SrcExplicit PME  9A cutoff 5e-5 tol,NonbondedForce-ReciprocalSpace,CustomMTSLangevinMiddleIntegrator,3, 14.0,1e-06,     0.0
SrcExplicit PME  9A cutoff 5e-5 tol,NonbondedForce-ReciprocalSpace,CustomMTSLangevinMiddleIntegrator,3, 15.0,1e-06,     0.0
SrcExplicit PME  9A cutoff 5e-5 tol,NonbondedForce-ReciprocalSpace,CustomMTSLangevinMiddleIntegrator,3, 16.0,1e-06,     0.0
SrcExplicit PME  9A cutoff 5e-5 tol,NonbondedForce-ReciprocalSpace,CustomMTSLangevinMiddleIntegrator,3, 17.0,1e-06,     0.0
SrcExplicit PME  9A cutoff 5e-5 tol,NonbondedForce-ReciprocalSpace,CustomMTSLangevinMiddleIntegrator,3, 18.0,1e-06,     0.0
SrcExplicit PME  9A cutoff 5e-5 tol,NonbondedForce-ReciprocalSpace,CustomMTSLangevinMiddleIntegrator,3, 19.0,1e-06,     0.0
SrcExplicit PME  9A cutoff 5e-5 tol,NonbondedForce-ReciprocalSpace,CustomMTSLangevinMiddleIntegrator,3, 20.0,1e-06,     0.0
SrcExplicit PME  9A cutoff 5e-5 tol,NonbondedForce-ReciprocalSpace,CustomMTSLangevinMiddleIntegrator,3, 21.0,1e-06,     0.0
SrcExplicit PME  9A cutoff 5e-5 tol,NonbondedForce-ReciprocalSpace,CustomMTSLangevinMiddleIntegrator,3, 22.0,1e-06,     0.0
SrcExplicit PME  9A cutoff 5e-5 tol,NonbondedForce-ReciprocalSpace,CustomMTSLangevinMiddleIntegrator,3, 23.0,1e-06,     0.0
SrcExplicit PME  9A cutoff 5e-5 tol,NonbondedForce-ReciprocalSpace,CustomMTSLangevinMiddleIntegrator,3, 24.0,1e-06,     0.0
SrcExplicit PME  9A cutoff 5e-5 tol,NonbondedForce-ReciprocalSpace,CustomMTSLangevinMiddleIntegrator,3, 25.0,1e-06,     0.0
SrcExplicit PME  9A cutoff 5e-5 tol,NonbondedForce-ReciprocalSpace,CustomMTSLangevinMiddleIntegrator,3, 26.0,1e-06,     0.0
SrcExplicit PME  9A cutoff 5e-5 tol,NonbondedForce-ReciprocalSpace,CustomMTSLangevinMiddleIntegrator,3, 27.0,1e-06,     0.0
SrcExplicit PME  9A cutoff 5e-5 tol,NonbondedForce-ReciprocalSpace,CustomMTSLangevinMiddleIntegrator,5,  1.0,1e-06,    15.5
SrcExplicit PME  9A cutoff 5e-5 tol,NonbondedForce-ReciprocalSpace,CustomMTSLangevinMiddleIntegrator,5,  2.0,1e-06,    30.6
SrcExplicit PME  9A cutoff 5e-5 tol,NonbondedForce-ReciprocalSpace,CustomMTSLangevinMiddleIntegrator,5,  3.0,1e-06,    45.5
SrcExplicit PME  9A cutoff 5e-5 tol,NonbondedForce-ReciprocalSpace,CustomMTSLangevinMiddleIntegrator,5,  4.0,1e-06,    60.0
SrcExplicit PME  9A cutoff 5e-5 tol,NonbondedForce-ReciprocalSpace,CustomMTSLangevinMiddleIntegrator,5,  5.0,1e-06,    74.3
SrcExplicit PME  9A cutoff 5e-5 tol,NonbondedForce-ReciprocalSpace,CustomMTSLangevinMiddleIntegrator,5,  6.0,1e-06,    88.2
SrcExplicit PME  9A cutoff 5e-5 tol,NonbondedForce-ReciprocalSpace,CustomMTSLangevinMiddleIntegrator,5,  7.0,1e-06,   101.9
SrcExplicit PME  9A cutoff 5e-5 tol,NonbondedForce-ReciprocalSpace,CustomMTSLangevinMiddleIntegrator,5,  8.0,1e-06,   115.2
SrcExplicit PME  9A cutoff 5e-5 tol,NonbondedForce-ReciprocalSpace,CustomMTSLangevinMiddleIntegrator,5,  9.0,1e-06,   123.5
SrcExplicit PME  9A cutoff 5e-5 tol,NonbondedForce-ReciprocalSpace,CustomMTSLangevinMiddleIntegrator,5, 10.0,1e-06,   140.7
SrcExplicit PME  9A cutoff 5e-5 tol,NonbondedForce-ReciprocalSpace,CustomMTSLangevinMiddleIntegrator,5, 11.0,1e-06,   150.5
SrcExplicit PME  9A cutoff 5e-5 tol,NonbondedForce-ReciprocalSpace,CustomMTSLangevinMiddleIntegrator,5, 12.0,1e-06,   166.3
SrcExplicit PME  9A cutoff 5e-5 tol,NonbondedForce-ReciprocalSpace,CustomMTSLangevinMiddleIntegrator,5, 13.0,1e-06,   177.5
SrcExplicit PME  9A cutoff 5e-5 tol,NonbondedForce-ReciprocalSpace,CustomMTSLangevinMiddleIntegrator,5, 14.0,1e-06,   187.2
SrcExplicit PME  9A cutoff 5e-5 tol,NonbondedForce-ReciprocalSpace,CustomMTSLangevinMiddleIntegrator,5, 15.0,1e-06,   196.9
SrcExplicit PME  9A cutoff 5e-5 tol,NonbondedForce-ReciprocalSpace,CustomMTSLangevinMiddleIntegrator,5, 16.0,1e-06,     0.0
SrcExplicit PME  9A cutoff 5e-5 tol,NonbondedForce-ReciprocalSpace,CustomMTSLangevinMiddleIntegrator,5, 17.0,1e-06,     0.0
SrcExplicit PME  9A cutoff 5e-5 tol,NonbondedForce-ReciprocalSpace,CustomMTSLangevinMiddleIntegrator,5, 18.0,1e-06,     0.0
SrcExplicit PME  9A cutoff 5e-5 tol,NonbondedForce-ReciprocalSpace,CustomMTSLangevinMiddleIntegrator,5, 19.0,1e-06,     0.0
SrcExplicit PME  9A cutoff 5e-5 tol,NonbondedForce-ReciprocalSpace,CustomMTSLangevinMiddleIntegrator,5, 20.0,1e-06,     0.0
SrcExplicit PME  9A cutoff 5e-5 tol,NonbondedForce-ReciprocalSpace,CustomMTSLangevinMiddleIntegrator,5, 21.0,1e-06,     0.0
SrcExplicit PME  9A cutoff 5e-5 tol,NonbondedForce-ReciprocalSpace,CustomMTSLangevinMiddleIntegrator,5, 22.0,1e-06,     0.0
SrcExplicit PME  9A cutoff 5e-5 tol,NonbondedForce-ReciprocalSpace,CustomMTSLangevinMiddleIntegrator,5, 23.0,1e-06,     0.0
SrcExplicit PME  9A cutoff 5e-5 tol,NonbondedForce-ReciprocalSpace,CustomMTSLangevinMiddleIntegrator,5, 24.0,1e-06,     0.0
SrcExplicit PME  9A cutoff 5e-5 tol,NonbondedForce-ReciprocalSpace,CustomMTSLangevinMiddleIntegrator,5, 25.0,1e-06,     0.0
SrcExplicit PME  9A cutoff 5e-5 tol,NonbondedForce-ReciprocalSpace,CustomMTSLangevinMiddleIntegrator,5, 26.0,1e-06,     0.0
SrcExplicit PME  9A cutoff 5e-5 tol,NonbondedForce-ReciprocalSpace,CustomMTSLangevinMiddleIntegrator,5, 27.0,1e-06,     0.0
SrcExplicit PME  9A cutoff 1e-5 tol,none,openmm.LangevinMiddleIntegrator,1,  1.0,1e-06,    13.4
SrcExplicit PME  9A cutoff 1e-5 tol,none,CustomMTSLangevinMiddleIntegrator,1,  1.0,1e-06,    12.7
SrcExplicit PME  9A cutoff 1e-5 tol,none,openmm.LangevinMiddleIntegrator,1,  2.0,1e-06,    26.6
SrcExplicit PME  9A cutoff 1e-5 tol,none,CustomMTSLangevinMiddleIntegrator,1,  2.0,1e-06,    25.2
SrcExplicit PME  9A cutoff 1e-5 tol,none,openmm.LangevinMiddleIntegrator,1,  3.0,1e-06,    39.8
SrcExplicit PME  9A cutoff 1e-5 tol,none,CustomMTSLangevinMiddleIntegrator,1,  3.0,1e-06,    37.8
SrcExplicit PME  9A cutoff 1e-5 tol,none,openmm.LangevinMiddleIntegrator,1,  4.0,1e-06,    53.1
SrcExplicit PME  9A cutoff 1e-5 tol,none,CustomMTSLangevinMiddleIntegrator,1,  4.0,1e-06,    50.3
SrcExplicit PME  9A cutoff 1e-5 tol,none,openmm.LangevinMiddleIntegrator,1,  5.0,1e-06,    65.1
SrcExplicit PME  9A cutoff 1e-5 tol,none,CustomMTSLangevinMiddleIntegrator,1,  5.0,1e-06,    62.8
SrcExplicit PME  9A cutoff 1e-5 tol,none,openmm.LangevinMiddleIntegrator,1,  6.0,1e-06,     0.0
SrcExplicit PME  9A cutoff 1e-5 tol,none,CustomMTSLangevinMiddleIntegrator,1,  6.0,1e-06,     0.0
SrcExplicit PME  9A cutoff 1e-5 tol,none,openmm.LangevinMiddleIntegrator,1,  7.0,1e-06,     0.0
SrcExplicit PME  9A cutoff 1e-5 tol,none,CustomMTSLangevinMiddleIntegrator,1,  7.0,1e-06,     0.0
SrcExplicit PME  9A cutoff 1e-5 tol,none,openmm.LangevinMiddleIntegrator,1,  8.0,1e-06,     0.0
SrcExplicit PME  9A cutoff 1e-5 tol,none,CustomMTSLangevinMiddleIntegrator,1,  8.0,1e-06,     0.0
SrcExplicit PME  9A cutoff 1e-5 tol,none,openmm.LangevinMiddleIntegrator,1,  9.0,1e-06,     0.0
SrcExplicit PME  9A cutoff 1e-5 tol,none,CustomMTSLangevinMiddleIntegrator,1,  9.0,1e-06,     0.0
SrcExplicit PME  9A cutoff 1e-5 tol,none,openmm.LangevinMiddleIntegrator,1, 10.0,1e-06,     0.0
SrcExplicit PME  9A cutoff 1e-5 tol,none,CustomMTSLangevinMiddleIntegrator,1, 10.0,1e-06,     0.0
SrcExplicit PME  9A cutoff 1e-5 tol,none,openmm.LangevinMiddleIntegrator,1, 11.0,1e-06,     0.0
SrcExplicit PME  9A cutoff 1e-5 tol,none,CustomMTSLangevinMiddleIntegrator,1, 11.0,1e-06,     0.0
SrcExplicit PME  9A cutoff 1e-5 tol,none,openmm.LangevinMiddleIntegrator,1, 12.0,1e-06,     0.0
SrcExplicit PME  9A cutoff 1e-5 tol,none,CustomMTSLangevinMiddleIntegrator,1, 12.0,1e-06,     0.0
SrcExplicit PME  9A cutoff 1e-5 tol,none,openmm.LangevinMiddleIntegrator,1, 13.0,1e-06,     0.0
SrcExplicit PME  9A cutoff 1e-5 tol,none,CustomMTSLangevinMiddleIntegrator,1, 13.0,1e-06,     0.0
SrcExplicit PME  9A cutoff 1e-5 tol,none,openmm.LangevinMiddleIntegrator,1, 14.0,1e-06,     0.0
SrcExplicit PME  9A cutoff 1e-5 tol,none,CustomMTSLangevinMiddleIntegrator,1, 14.0,1e-06,     0.0
SrcExplicit PME  9A cutoff 1e-5 tol,none,openmm.LangevinMiddleIntegrator,1, 15.0,1e-06,     0.0
SrcExplicit PME  9A cutoff 1e-5 tol,none,CustomMTSLangevinMiddleIntegrator,1, 15.0,1e-06,     0.0
SrcExplicit PME  9A cutoff 1e-5 tol,none,openmm.LangevinMiddleIntegrator,1, 16.0,1e-06,     0.0
SrcExplicit PME  9A cutoff 1e-5 tol,none,CustomMTSLangevinMiddleIntegrator,1, 16.0,1e-06,     0.0
SrcExplicit PME  9A cutoff 1e-5 tol,none,openmm.LangevinMiddleIntegrator,1, 17.0,1e-06,     0.0
SrcExplicit PME  9A cutoff 1e-5 tol,none,CustomMTSLangevinMiddleIntegrator,1, 17.0,1e-06,     0.0
SrcExplicit PME  9A cutoff 1e-5 tol,none,openmm.LangevinMiddleIntegrator,1, 18.0,1e-06,     0.0
SrcExplicit PME  9A cutoff 1e-5 tol,none,CustomMTSLangevinMiddleIntegrator,1, 18.0,1e-06,     0.0
SrcExplicit PME  9A cutoff 1e-5 tol,none,openmm.LangevinMiddleIntegrator,1, 19.0,1e-06,     0.0
SrcExplicit PME  9A cutoff 1e-5 tol,none,CustomMTSLangevinMiddleIntegrator,1, 19.0,1e-06,     0.0
SrcExplicit PME  9A cutoff 1e-5 tol,none,openmm.LangevinMiddleIntegrator,1, 20.0,1e-06,     0.0
SrcExplicit PME  9A cutoff 1e-5 tol,none,CustomMTSLangevinMiddleIntegrator,1, 20.0,1e-06,     0.0
SrcExplicit PME  9A cutoff 1e-5 tol,none,openmm.LangevinMiddleIntegrator,1, 21.0,1e-06,     0.0
SrcExplicit PME  9A cutoff 1e-5 tol,none,CustomMTSLangevinMiddleIntegrator,1, 21.0,1e-06,     0.0
SrcExplicit PME  9A cutoff 1e-5 tol,none,openmm.LangevinMiddleIntegrator,1, 22.0,1e-06,     0.0
SrcExplicit PME  9A cutoff 1e-5 tol,none,CustomMTSLangevinMiddleIntegrator,1, 22.0,1e-06,     0.0
SrcExplicit PME  9A cutoff 1e-5 tol,none,openmm.LangevinMiddleIntegrator,1, 23.0,1e-06,     0.0
SrcExplicit PME  9A cutoff 1e-5 tol,none,CustomMTSLangevinMiddleIntegrator,1, 23.0,1e-06,     0.0
SrcExplicit PME  9A cutoff 1e-5 tol,none,openmm.LangevinMiddleIntegrator,1, 24.0,1e-06,     0.0
SrcExplicit PME  9A cutoff 1e-5 tol,none,CustomMTSLangevinMiddleIntegrator,1, 24.0,1e-06,     0.0
SrcExplicit PME  9A cutoff 1e-5 tol,none,openmm.LangevinMiddleIntegrator,1, 25.0,1e-06,     0.0
SrcExplicit PME  9A cutoff 1e-5 tol,none,CustomMTSLangevinMiddleIntegrator,1, 25.0,1e-06,     0.0
SrcExplicit PME  9A cutoff 1e-5 tol,none,openmm.LangevinMiddleIntegrator,1, 26.0,1e-06,     0.0
SrcExplicit PME  9A cutoff 1e-5 tol,none,CustomMTSLangevinMiddleIntegrator,1, 26.0,1e-06,     0.0
SrcExplicit PME  9A cutoff 1e-5 tol,none,openmm.LangevinMiddleIntegrator,1, 27.0,1e-06,     0.0
SrcExplicit PME  9A cutoff 1e-5 tol,none,CustomMTSLangevinMiddleIntegrator,1, 27.0,1e-06,     0.0
SrcExplicit PME  9A cutoff 1e-5 tol,NonbondedForce-ReciprocalSpace,CustomMTSLangevinMiddleIntegrator,3,  1.0,1e-06,     9.9
SrcExplicit PME  9A cutoff 1e-5 tol,NonbondedForce-ReciprocalSpace,CustomMTSLangevinMiddleIntegrator,3,  2.0,1e-06,    19.7
SrcExplicit PME  9A cutoff 1e-5 tol,NonbondedForce-ReciprocalSpace,CustomMTSLangevinMiddleIntegrator,3,  3.0,1e-06,    29.3
SrcExplicit PME  9A cutoff 1e-5 tol,NonbondedForce-ReciprocalSpace,CustomMTSLangevinMiddleIntegrator,3,  4.0,1e-06,    38.8
SrcExplicit PME  9A cutoff 1e-5 tol,NonbondedForce-ReciprocalSpace,CustomMTSLangevinMiddleIntegrator,3,  5.0,1e-06,    48.2
SrcExplicit PME  9A cutoff 1e-5 tol,NonbondedForce-ReciprocalSpace,CustomMTSLangevinMiddleIntegrator,3,  6.0,1e-06,    57.4
SrcExplicit PME  9A cutoff 1e-5 tol,NonbondedForce-ReciprocalSpace,CustomMTSLangevinMiddleIntegrator,3,  7.0,1e-06,    66.6
SrcExplicit PME  9A cutoff 1e-5 tol,NonbondedForce-ReciprocalSpace,CustomMTSLangevinMiddleIntegrator,3,  8.0,1e-06,    75.8
SrcExplicit PME  9A cutoff 1e-5 tol,NonbondedForce-ReciprocalSpace,CustomMTSLangevinMiddleIntegrator,3,  9.0,1e-06,    84.0
SrcExplicit PME  9A cutoff 1e-5 tol,NonbondedForce-ReciprocalSpace,CustomMTSLangevinMiddleIntegrator,3, 10.0,1e-06,    93.1
SrcExplicit PME  9A cutoff 1e-5 tol,NonbondedForce-ReciprocalSpace,CustomMTSLangevinMiddleIntegrator,3, 11.0,1e-06,   102.0
SrcExplicit PME  9A cutoff 1e-5 tol,NonbondedForce-ReciprocalSpace,CustomMTSLangevinMiddleIntegrator,3, 12.0,1e-06,   109.3
SrcExplicit PME  9A cutoff 1e-5 tol,NonbondedForce-ReciprocalSpace,CustomMTSLangevinMiddleIntegrator,3, 13.0,1e-06,     0.0
SrcExplicit PME  9A cutoff 1e-5 tol,NonbondedForce-ReciprocalSpace,CustomMTSLangevinMiddleIntegrator,3, 14.0,1e-06,     0.0
SrcExplicit PME  9A cutoff 1e-5 tol,NonbondedForce-ReciprocalSpace,CustomMTSLangevinMiddleIntegrator,3, 15.0,1e-06,     0.0
SrcExplicit PME  9A cutoff 1e-5 tol,NonbondedForce-ReciprocalSpace,CustomMTSLangevinMiddleIntegrator,3, 16.0,1e-06,     0.0
SrcExplicit PME  9A cutoff 1e-5 tol,NonbondedForce-ReciprocalSpace,CustomMTSLangevinMiddleIntegrator,3, 17.0,1e-06,     0.0
SrcExplicit PME  9A cutoff 1e-5 tol,NonbondedForce-ReciprocalSpace,CustomMTSLangevinMiddleIntegrator,3, 18.0,1e-06,     0.0
SrcExplicit PME  9A cutoff 1e-5 tol,NonbondedForce-ReciprocalSpace,CustomMTSLangevinMiddleIntegrator,3, 19.0,1e-06,     0.0
SrcExplicit PME  9A cutoff 1e-5 tol,NonbondedForce-ReciprocalSpace,CustomMTSLangevinMiddleIntegrator,3, 20.0,1e-06,     0.0
SrcExplicit PME  9A cutoff 1e-5 tol,NonbondedForce-ReciprocalSpace,CustomMTSLangevinMiddleIntegrator,3, 21.0,1e-06,     0.0
SrcExplicit PME  9A cutoff 1e-5 tol,NonbondedForce-ReciprocalSpace,CustomMTSLangevinMiddleIntegrator,3, 22.0,1e-06,     0.0
SrcExplicit PME  9A cutoff 1e-5 tol,NonbondedForce-ReciprocalSpace,CustomMTSLangevinMiddleIntegrator,3, 23.0,1e-06,     0.0
SrcExplicit PME  9A cutoff 1e-5 tol,NonbondedForce-ReciprocalSpace,CustomMTSLangevinMiddleIntegrator,3, 24.0,1e-06,     0.0
SrcExplicit PME  9A cutoff 1e-5 tol,NonbondedForce-ReciprocalSpace,CustomMTSLangevinMiddleIntegrator,3, 25.0,1e-06,     0.0
SrcExplicit PME  9A cutoff 1e-5 tol,NonbondedForce-ReciprocalSpace,CustomMTSLangevinMiddleIntegrator,3, 26.0,1e-06,     0.0
SrcExplicit PME  9A cutoff 1e-5 tol,NonbondedForce-ReciprocalSpace,CustomMTSLangevinMiddleIntegrator,3, 27.0,1e-06,     0.0
SrcExplicit PME  9A cutoff 1e-5 tol,NonbondedForce-ReciprocalSpace,CustomMTSLangevinMiddleIntegrator,5,  1.0,1e-06,     8.1
SrcExplicit PME  9A cutoff 1e-5 tol,NonbondedForce-ReciprocalSpace,CustomMTSLangevinMiddleIntegrator,5,  2.0,1e-06,    16.1
SrcExplicit PME  9A cutoff 1e-5 tol,NonbondedForce-ReciprocalSpace,CustomMTSLangevinMiddleIntegrator,5,  3.0,1e-06,    24.0
SrcExplicit PME  9A cutoff 1e-5 tol,NonbondedForce-ReciprocalSpace,CustomMTSLangevinMiddleIntegrator,5,  4.0,1e-06,    31.8
SrcExplicit PME  9A cutoff 1e-5 tol,NonbondedForce-ReciprocalSpace,CustomMTSLangevinMiddleIntegrator,5,  5.0,1e-06,    39.5
SrcExplicit PME  9A cutoff 1e-5 tol,NonbondedForce-ReciprocalSpace,CustomMTSLangevinMiddleIntegrator,5,  6.0,1e-06,    47.0
SrcExplicit PME  9A cutoff 1e-5 tol,NonbondedForce-ReciprocalSpace,CustomMTSLangevinMiddleIntegrator,5,  7.0,1e-06,    54.6
SrcExplicit PME  9A cutoff 1e-5 tol,NonbondedForce-ReciprocalSpace,CustomMTSLangevinMiddleIntegrator,5,  8.0,1e-06,    62.1
SrcExplicit PME  9A cutoff 1e-5 tol,NonbondedForce-ReciprocalSpace,CustomMTSLangevinMiddleIntegrator,5,  9.0,1e-06,    67.7
SrcExplicit PME  9A cutoff 1e-5 tol,NonbondedForce-ReciprocalSpace,CustomMTSLangevinMiddleIntegrator,5, 10.0,1e-06,    76.6
SrcExplicit PME  9A cutoff 1e-5 tol,NonbondedForce-ReciprocalSpace,CustomMTSLangevinMiddleIntegrator,5, 11.0,1e-06,    83.1
SrcExplicit PME  9A cutoff 1e-5 tol,NonbondedForce-ReciprocalSpace,CustomMTSLangevinMiddleIntegrator,5, 12.0,1e-06,    91.1
SrcExplicit PME  9A cutoff 1e-5 tol,NonbondedForce-ReciprocalSpace,CustomMTSLangevinMiddleIntegrator,5, 13.0,1e-06,    97.7
SrcExplicit PME  9A cutoff 1e-5 tol,NonbondedForce-ReciprocalSpace,CustomMTSLangevinMiddleIntegrator,5, 14.0,1e-06,   104.0
SrcExplicit PME  9A cutoff 1e-5 tol,NonbondedForce-ReciprocalSpace,CustomMTSLangevinMiddleIntegrator,5, 15.0,1e-06,   110.2
SrcExplicit PME  9A cutoff 1e-5 tol,NonbondedForce-ReciprocalSpace,CustomMTSLangevinMiddleIntegrator,5, 16.0,1e-06,     0.0
SrcExplicit PME  9A cutoff 1e-5 tol,NonbondedForce-ReciprocalSpace,CustomMTSLangevinMiddleIntegrator,5, 17.0,1e-06,     0.0
SrcExplicit PME  9A cutoff 1e-5 tol,NonbondedForce-ReciprocalSpace,CustomMTSLangevinMiddleIntegrator,5, 18.0,1e-06,     0.0
SrcExplicit PME  9A cutoff 1e-5 tol,NonbondedForce-ReciprocalSpace,CustomMTSLangevinMiddleIntegrator,5, 19.0,1e-06,     0.0
SrcExplicit PME  9A cutoff 1e-5 tol,NonbondedForce-ReciprocalSpace,CustomMTSLangevinMiddleIntegrator,5, 20.0,1e-06,     0.0
SrcExplicit PME  9A cutoff 1e-5 tol,NonbondedForce-ReciprocalSpace,CustomMTSLangevinMiddleIntegrator,5, 21.0,1e-06,     0.0
SrcExplicit PME  9A cutoff 1e-5 tol,NonbondedForce-ReciprocalSpace,CustomMTSLangevinMiddleIntegrator,5, 22.0,1e-06,     0.0
SrcExplicit PME  9A cutoff 1e-5 tol,NonbondedForce-ReciprocalSpace,CustomMTSLangevinMiddleIntegrator,5, 23.0,1e-06,     0.0
SrcExplicit PME  9A cutoff 1e-5 tol,NonbondedForce-ReciprocalSpace,CustomMTSLangevinMiddleIntegrator,5, 24.0,1e-06,     0.0
SrcExplicit PME  9A cutoff 1e-5 tol,NonbondedForce-ReciprocalSpace,CustomMTSLangevinMiddleIntegrator,5, 25.0,1e-06,     0.0
SrcExplicit PME  9A cutoff 1e-5 tol,NonbondedForce-ReciprocalSpace,CustomMTSLangevinMiddleIntegrator,5, 26.0,1e-06,     0.0
SrcExplicit PME  9A cutoff 1e-5 tol,NonbondedForce-ReciprocalSpace,CustomMTSLangevinMiddleIntegrator,5, 27.0,1e-06,     0.0
SrcExplicit PME 12A cutoff 5e-4 tol,none,openmm.LangevinMiddleIntegrator,1,  1.0,1e-06,    54.8
SrcExplicit PME 12A cutoff 5e-4 tol,none,CustomMTSLangevinMiddleIntegrator,1,  1.0,1e-06,    53.5
SrcExplicit PME 12A cutoff 5e-4 tol,none,openmm.LangevinMiddleIntegrator,1,  2.0,1e-06,   113.9
SrcExplicit PME 12A cutoff 5e-4 tol,none,CustomMTSLangevinMiddleIntegrator,1,  2.0,1e-06,   104.3
SrcExplicit PME 12A cutoff 5e-4 tol,none,openmm.LangevinMiddleIntegrator,1,  3.0,1e-06,   165.5
SrcExplicit PME 12A cutoff 5e-4 tol,none,CustomMTSLangevinMiddleIntegrator,1,  3.0,1e-06,   151.8
SrcExplicit PME 12A cutoff 5e-4 tol,none,openmm.LangevinMiddleIntegrator,1,  4.0,1e-06,   214.5
SrcExplicit PME 12A cutoff 5e-4 tol,none,CustomMTSLangevinMiddleIntegrator,1,  4.0,1e-06,   197.6
SrcExplicit PME 12A cutoff 5e-4 tol,none,openmm.LangevinMiddleIntegrator,1,  5.0,1e-06,   211.5
SrcExplicit PME 12A cutoff 5e-4 tol,none,CustomMTSLangevinMiddleIntegrator,1,  5.0,1e-06,   238.0
SrcExplicit PME 12A cutoff 5e-4 tol,none,openmm.LangevinMiddleIntegrator,1,  6.0,1e-06,     0.0
SrcExplicit PME 12A cutoff 5e-4 tol,none,CustomMTSLangevinMiddleIntegrator,1,  6.0,1e-06,     0.0
SrcExplicit PME 12A cutoff 5e-4 tol,none,openmm.LangevinMiddleIntegrator,1,  7.0,1e-06,     0.0
SrcExplicit PME 12A cutoff 5e-4 tol,none,CustomMTSLangevinMiddleIntegrator,1,  7.0,1e-06,     0.0
SrcExplicit PME 12A cutoff 5e-4 tol,none,openmm.LangevinMiddleIntegrator,1,  8.0,1e-06,     0.0
SrcExplicit PME 12A cutoff 5e-4 tol,none,CustomMTSLangevinMiddleIntegrator,1,  8.0,1e-06,     0.0
SrcExplicit PME 12A cutoff 5e-4 tol,none,openmm.LangevinMiddleIntegrator,1,  9.0,1e-06,     0.0
SrcExplicit PME 12A cutoff 5e-4 tol,none,CustomMTSLangevinMiddleIntegrator,1,  9.0,1e-06,     0.0
SrcExplicit PME 12A cutoff 5e-4 tol,none,openmm.LangevinMiddleIntegrator,1, 10.0,1e-06,     0.0
SrcExplicit PME 12A cutoff 5e-4 tol,none,CustomMTSLangevinMiddleIntegrator,1, 10.0,1e-06,     0.0
SrcExplicit PME 12A cutoff 5e-4 tol,none,openmm.LangevinMiddleIntegrator,1, 11.0,1e-06,     0.0
SrcExplicit PME 12A cutoff 5e-4 tol,none,CustomMTSLangevinMiddleIntegrator,1, 11.0,1e-06,     0.0
SrcExplicit PME 12A cutoff 5e-4 tol,none,openmm.LangevinMiddleIntegrator,1, 12.0,1e-06,     0.0
SrcExplicit PME 12A cutoff 5e-4 tol,none,CustomMTSLangevinMiddleIntegrator,1, 12.0,1e-06,     0.0
SrcExplicit PME 12A cutoff 5e-4 tol,none,openmm.LangevinMiddleIntegrator,1, 13.0,1e-06,     0.0
SrcExplicit PME 12A cutoff 5e-4 tol,none,CustomMTSLangevinMiddleIntegrator,1, 13.0,1e-06,     0.0
SrcExplicit PME 12A cutoff 5e-4 tol,none,openmm.LangevinMiddleIntegrator,1, 14.0,1e-06,     0.0
SrcExplicit PME 12A cutoff 5e-4 tol,none,CustomMTSLangevinMiddleIntegrator,1, 14.0,1e-06,     0.0
SrcExplicit PME 12A cutoff 5e-4 tol,none,openmm.LangevinMiddleIntegrator,1, 15.0,1e-06,     0.0
SrcExplicit PME 12A cutoff 5e-4 tol,none,CustomMTSLangevinMiddleIntegrator,1, 15.0,1e-06,     0.0
SrcExplicit PME 12A cutoff 5e-4 tol,none,openmm.LangevinMiddleIntegrator,1, 16.0,1e-06,     0.0
SrcExplicit PME 12A cutoff 5e-4 tol,none,CustomMTSLangevinMiddleIntegrator,1, 16.0,1e-06,     0.0
SrcExplicit PME 12A cutoff 5e-4 tol,none,openmm.LangevinMiddleIntegrator,1, 17.0,1e-06,     0.0
SrcExplicit PME 12A cutoff 5e-4 tol,none,CustomMTSLangevinMiddleIntegrator,1, 17.0,1e-06,     0.0
SrcExplicit PME 12A cutoff 5e-4 tol,none,openmm.LangevinMiddleIntegrator,1, 18.0,1e-06,     0.0
SrcExplicit PME 12A cutoff 5e-4 tol,none,CustomMTSLangevinMiddleIntegrator,1, 18.0,1e-06,     0.0
SrcExplicit PME 12A cutoff 5e-4 tol,none,openmm.LangevinMiddleIntegrator,1, 19.0,1e-06,     0.0
SrcExplicit PME 12A cutoff 5e-4 tol,none,CustomMTSLangevinMiddleIntegrator,1, 19.0,1e-06,     0.0
SrcExplicit PME 12A cutoff 5e-4 tol,none,openmm.LangevinMiddleIntegrator,1, 20.0,1e-06,     0.0
SrcExplicit PME 12A cutoff 5e-4 tol,none,CustomMTSLangevinMiddleIntegrator,1, 20.0,1e-06,     0.0
SrcExplicit PME 12A cutoff 5e-4 tol,none,openmm.LangevinMiddleIntegrator,1, 21.0,1e-06,     0.0
SrcExplicit PME 12A cutoff 5e-4 tol,none,CustomMTSLangevinMiddleIntegrator,1, 21.0,1e-06,     0.0
SrcExplicit PME 12A cutoff 5e-4 tol,none,openmm.LangevinMiddleIntegrator,1, 22.0,1e-06,     0.0
SrcExplicit PME 12A cutoff 5e-4 tol,none,CustomMTSLangevinMiddleIntegrator,1, 22.0,1e-06,     0.0
SrcExplicit PME 12A cutoff 5e-4 tol,none,openmm.LangevinMiddleIntegrator,1, 23.0,1e-06,     0.0
SrcExplicit PME 12A cutoff 5e-4 tol,none,CustomMTSLangevinMiddleIntegrator,1, 23.0,1e-06,     0.0
SrcExplicit PME 12A cutoff 5e-4 tol,none,openmm.LangevinMiddleIntegrator,1, 24.0,1e-06,     0.0
SrcExplicit PME 12A cutoff 5e-4 tol,none,CustomMTSLangevinMiddleIntegrator,1, 24.0,1e-06,     0.0
SrcExplicit PME 12A cutoff 5e-4 tol,none,openmm.LangevinMiddleIntegrator,1, 25.0,1e-06,     0.0
SrcExplicit PME 12A cutoff 5e-4 tol,none,CustomMTSLangevinMiddleIntegrator,1, 25.0,1e-06,     0.0
SrcExplicit PME 12A cutoff 5e-4 tol,none,openmm.LangevinMiddleIntegrator,1, 26.0,1e-06,     0.0
SrcExplicit PME 12A cutoff 5e-4 tol,none,CustomMTSLangevinMiddleIntegrator,1, 26.0,1e-06,     0.0
SrcExplicit PME 12A cutoff 5e-4 tol,none,openmm.LangevinMiddleIntegrator,1, 27.0,1e-06,     0.0
SrcExplicit PME 12A cutoff 5e-4 tol,none,CustomMTSLangevinMiddleIntegrator,1, 27.0,1e-06,     0.0
SrcExplicit PME 12A cutoff 5e-4 tol,NonbondedForce-ReciprocalSpace,CustomMTSLangevinMiddleIntegrator,3,  1.0,1e-06,    21.6
SrcExplicit PME 12A cutoff 5e-4 tol,NonbondedForce-ReciprocalSpace,CustomMTSLangevinMiddleIntegrator,3,  2.0,1e-06,    42.4
SrcExplicit PME 12A cutoff 5e-4 tol,NonbondedForce-ReciprocalSpace,CustomMTSLangevinMiddleIntegrator,3,  3.0,1e-06,    62.6
SrcExplicit PME 12A cutoff 5e-4 tol,NonbondedForce-ReciprocalSpace,CustomMTSLangevinMiddleIntegrator,3,  4.0,1e-06,    82.1
SrcExplicit PME 12A cutoff 5e-4 tol,NonbondedForce-ReciprocalSpace,CustomMTSLangevinMiddleIntegrator,3,  5.0,1e-06,   101.1
SrcExplicit PME 12A cutoff 5e-4 tol,NonbondedForce-ReciprocalSpace,CustomMTSLangevinMiddleIntegrator,3,  6.0,1e-06,   119.3
SrcExplicit PME 12A cutoff 5e-4 tol,NonbondedForce-ReciprocalSpace,CustomMTSLangevinMiddleIntegrator,3,  7.0,1e-06,   137.0
SrcExplicit PME 12A cutoff 5e-4 tol,NonbondedForce-ReciprocalSpace,CustomMTSLangevinMiddleIntegrator,3,  8.0,1e-06,   153.6
SrcExplicit PME 12A cutoff 5e-4 tol,NonbondedForce-ReciprocalSpace,CustomMTSLangevinMiddleIntegrator,3,  9.0,1e-06,   170.7
SrcExplicit PME 12A cutoff 5e-4 tol,NonbondedForce-ReciprocalSpace,CustomMTSLangevinMiddleIntegrator,3, 10.0,1e-06,   188.0
SrcExplicit PME 12A cutoff 5e-4 tol,NonbondedForce-ReciprocalSpace,CustomMTSLangevinMiddleIntegrator,3, 11.0,1e-06,   202.8
SrcExplicit PME 12A cutoff 5e-4 tol,NonbondedForce-ReciprocalSpace,CustomMTSLangevinMiddleIntegrator,3, 12.0,1e-06,   215.4
SrcExplicit PME 12A cutoff 5e-4 tol,NonbondedForce-ReciprocalSpace,CustomMTSLangevinMiddleIntegrator,3, 13.0,1e-06,   230.9
SrcExplicit PME 12A cutoff 5e-4 tol,NonbondedForce-ReciprocalSpace,CustomMTSLangevinMiddleIntegrator,3, 14.0,1e-06,   246.4
SrcExplicit PME 12A cutoff 5e-4 tol,NonbondedForce-ReciprocalSpace,CustomMTSLangevinMiddleIntegrator,3, 15.0,1e-06,     0.0
SrcExplicit PME 12A cutoff 5e-4 tol,NonbondedForce-ReciprocalSpace,CustomMTSLangevinMiddleIntegrator,3, 16.0,1e-06,     0.0
SrcExplicit PME 12A cutoff 5e-4 tol,NonbondedForce-ReciprocalSpace,CustomMTSLangevinMiddleIntegrator,3, 17.0,1e-06,     0.0
SrcExplicit PME 12A cutoff 5e-4 tol,NonbondedForce-ReciprocalSpace,CustomMTSLangevinMiddleIntegrator,3, 18.0,1e-06,     0.0
SrcExplicit PME 12A cutoff 5e-4 tol,NonbondedForce-ReciprocalSpace,CustomMTSLangevinMiddleIntegrator,3, 19.0,1e-06,     0.0
SrcExplicit PME 12A cutoff 5e-4 tol,NonbondedForce-ReciprocalSpace,CustomMTSLangevinMiddleIntegrator,3, 20.0,1e-06,     0.0
SrcExplicit PME 12A cutoff 5e-4 tol,NonbondedForce-ReciprocalSpace,CustomMTSLangevinMiddleIntegrator,3, 21.0,1e-06,     0.0
SrcExplicit PME 12A cutoff 5e-4 tol,NonbondedForce-ReciprocalSpace,CustomMTSLangevinMiddleIntegrator,3, 22.0,1e-06,     0.0
SrcExplicit PME 12A cutoff 5e-4 tol,NonbondedForce-ReciprocalSpace,CustomMTSLangevinMiddleIntegrator,3, 23.0,1e-06,     0.0
SrcExplicit PME 12A cutoff 5e-4 tol,NonbondedForce-ReciprocalSpace,CustomMTSLangevinMiddleIntegrator,3, 24.0,1e-06,     0.0
SrcExplicit PME 12A cutoff 5e-4 tol,NonbondedForce-ReciprocalSpace,CustomMTSLangevinMiddleIntegrator,3, 25.0,1e-06,     0.0
SrcExplicit PME 12A cutoff 5e-4 tol,NonbondedForce-ReciprocalSpace,CustomMTSLangevinMiddleIntegrator,3, 26.0,1e-06,     0.0
SrcExplicit PME 12A cutoff 5e-4 tol,NonbondedForce-ReciprocalSpace,CustomMTSLangevinMiddleIntegrator,3, 27.0,1e-06,     0.0
SrcExplicit PME 12A cutoff 5e-4 tol,NonbondedForce-ReciprocalSpace,CustomMTSLangevinMiddleIntegrator,5,  1.0,1e-06,    13.4
SrcExplicit PME 12A cutoff 5e-4 tol,NonbondedForce-ReciprocalSpace,CustomMTSLangevinMiddleIntegrator,5,  2.0,1e-06,    26.4
SrcExplicit PME 12A cutoff 5e-4 tol,NonbondedForce-ReciprocalSpace,CustomMTSLangevinMiddleIntegrator,5,  3.0,1e-06,    39.2
SrcExplicit PME 12A cutoff 5e-4 tol,NonbondedForce-ReciprocalSpace,CustomMTSLangevinMiddleIntegrator,5,  4.0,1e-06,    51.7
SrcExplicit PME 12A cutoff 5e-4 tol,NonbondedForce-ReciprocalSpace,CustomMTSLangevinMiddleIntegrator,5,  5.0,1e-06,    63.9
SrcExplicit PME 12A cutoff 5e-4 tol,NonbondedForce-ReciprocalSpace,CustomMTSLangevinMiddleIntegrator,5,  6.0,1e-06,    75.8
SrcExplicit PME 12A cutoff 5e-4 tol,NonbondedForce-ReciprocalSpace,CustomMTSLangevinMiddleIntegrator,5,  7.0,1e-06,    87.3
SrcExplicit PME 12A cutoff 5e-4 tol,NonbondedForce-ReciprocalSpace,CustomMTSLangevinMiddleIntegrator,5,  8.0,1e-06,    98.7
SrcExplicit PME 12A cutoff 5e-4 tol,NonbondedForce-ReciprocalSpace,CustomMTSLangevinMiddleIntegrator,5,  9.0,1e-06,   109.8
SrcExplicit PME 12A cutoff 5e-4 tol,NonbondedForce-ReciprocalSpace,CustomMTSLangevinMiddleIntegrator,5, 10.0,1e-06,   120.2
SrcExplicit PME 12A cutoff 5e-4 tol,NonbondedForce-ReciprocalSpace,CustomMTSLangevinMiddleIntegrator,5, 11.0,1e-06,   131.2
SrcExplicit PME 12A cutoff 5e-4 tol,NonbondedForce-ReciprocalSpace,CustomMTSLangevinMiddleIntegrator,5, 12.0,1e-06,   141.8
SrcExplicit PME 12A cutoff 5e-4 tol,NonbondedForce-ReciprocalSpace,CustomMTSLangevinMiddleIntegrator,5, 13.0,1e-06,   151.2
SrcExplicit PME 12A cutoff 5e-4 tol,NonbondedForce-ReciprocalSpace,CustomMTSLangevinMiddleIntegrator,5, 14.0,1e-06,   160.9
SrcExplicit PME 12A cutoff 5e-4 tol,NonbondedForce-ReciprocalSpace,CustomMTSLangevinMiddleIntegrator,5, 15.0,1e-06,   171.5
SrcExplicit PME 12A cutoff 5e-4 tol,NonbondedForce-ReciprocalSpace,CustomMTSLangevinMiddleIntegrator,5, 16.0,1e-06,   179.0
SrcExplicit PME 12A cutoff 5e-4 tol,NonbondedForce-ReciprocalSpace,CustomMTSLangevinMiddleIntegrator,5, 17.0,1e-06,     0.0
SrcExplicit PME 12A cutoff 5e-4 tol,NonbondedForce-ReciprocalSpace,CustomMTSLangevinMiddleIntegrator,5, 18.0,1e-06,     0.0
SrcExplicit PME 12A cutoff 5e-4 tol,NonbondedForce-ReciprocalSpace,CustomMTSLangevinMiddleIntegrator,5, 19.0,1e-06,     0.0
SrcExplicit PME 12A cutoff 5e-4 tol,NonbondedForce-ReciprocalSpace,CustomMTSLangevinMiddleIntegrator,5, 20.0,1e-06,     0.0
SrcExplicit PME 12A cutoff 5e-4 tol,NonbondedForce-ReciprocalSpace,CustomMTSLangevinMiddleIntegrator,5, 21.0,1e-06,     0.0
SrcExplicit PME 12A cutoff 5e-4 tol,NonbondedForce-ReciprocalSpace,CustomMTSLangevinMiddleIntegrator,5, 22.0,1e-06,     0.0
SrcExplicit PME 12A cutoff 5e-4 tol,NonbondedForce-ReciprocalSpace,CustomMTSLangevinMiddleIntegrator,5, 23.0,1e-06,     0.0
SrcExplicit PME 12A cutoff 5e-4 tol,NonbondedForce-ReciprocalSpace,CustomMTSLangevinMiddleIntegrator,5, 24.0,1e-06,     0.0
SrcExplicit PME 12A cutoff 5e-4 tol,NonbondedForce-ReciprocalSpace,CustomMTSLangevinMiddleIntegrator,5, 25.0,1e-06,     0.0
SrcExplicit PME 12A cutoff 5e-4 tol,NonbondedForce-ReciprocalSpace,CustomMTSLangevinMiddleIntegrator,5, 26.0,1e-06,     0.0
SrcExplicit PME 12A cutoff 5e-4 tol,NonbondedForce-ReciprocalSpace,CustomMTSLangevinMiddleIntegrator,5, 27.0,1e-06,     0.0
SrcExplicit PME 12A cutoff 1e-4 tol,none,openmm.LangevinMiddleIntegrator,1,  1.0,1e-06,    52.2
SrcExplicit PME 12A cutoff 1e-4 tol,none,CustomMTSLangevinMiddleIntegrator,1,  1.0,1e-06,    48.4
SrcExplicit PME 12A cutoff 1e-4 tol,none,openmm.LangevinMiddleIntegrator,1,  2.0,1e-06,   102.5
SrcExplicit PME 12A cutoff 1e-4 tol,none,CustomMTSLangevinMiddleIntegrator,1,  2.0,1e-06,    94.6
SrcExplicit PME 12A cutoff 1e-4 tol,none,openmm.LangevinMiddleIntegrator,1,  3.0,1e-06,   150.1
SrcExplicit PME 12A cutoff 1e-4 tol,none,CustomMTSLangevinMiddleIntegrator,1,  3.0,1e-06,   137.9
SrcExplicit PME 12A cutoff 1e-4 tol,none,openmm.LangevinMiddleIntegrator,1,  4.0,1e-06,   195.5
SrcExplicit PME 12A cutoff 1e-4 tol,none,CustomMTSLangevinMiddleIntegrator,1,  4.0,1e-06,   180.3
SrcExplicit PME 12A cutoff 1e-4 tol,none,openmm.LangevinMiddleIntegrator,1,  5.0,1e-06,     0.0
SrcExplicit PME 12A cutoff 1e-4 tol,none,CustomMTSLangevinMiddleIntegrator,1,  5.0,1e-06,     0.0
SrcExplicit PME 12A cutoff 1e-4 tol,none,openmm.LangevinMiddleIntegrator,1,  6.0,1e-06,     0.0
SrcExplicit PME 12A cutoff 1e-4 tol,none,CustomMTSLangevinMiddleIntegrator,1,  6.0,1e-06,     0.0
SrcExplicit PME 12A cutoff 1e-4 tol,none,openmm.LangevinMiddleIntegrator,1,  7.0,1e-06,     0.0
SrcExplicit PME 12A cutoff 1e-4 tol,none,CustomMTSLangevinMiddleIntegrator,1,  7.0,1e-06,     0.0
SrcExplicit PME 12A cutoff 1e-4 tol,none,openmm.LangevinMiddleIntegrator,1,  8.0,1e-06,     0.0
SrcExplicit PME 12A cutoff 1e-4 tol,none,CustomMTSLangevinMiddleIntegrator,1,  8.0,1e-06,     0.0
SrcExplicit PME 12A cutoff 1e-4 tol,none,openmm.LangevinMiddleIntegrator,1,  9.0,1e-06,     0.0
SrcExplicit PME 12A cutoff 1e-4 tol,none,CustomMTSLangevinMiddleIntegrator,1,  9.0,1e-06,     0.0
SrcExplicit PME 12A cutoff 1e-4 tol,none,openmm.LangevinMiddleIntegrator,1, 10.0,1e-06,     0.0
SrcExplicit PME 12A cutoff 1e-4 tol,none,CustomMTSLangevinMiddleIntegrator,1, 10.0,1e-06,     0.0
SrcExplicit PME 12A cutoff 1e-4 tol,none,openmm.LangevinMiddleIntegrator,1, 11.0,1e-06,     0.0
SrcExplicit PME 12A cutoff 1e-4 tol,none,CustomMTSLangevinMiddleIntegrator,1, 11.0,1e-06,     0.0
SrcExplicit PME 12A cutoff 1e-4 tol,none,openmm.LangevinMiddleIntegrator,1, 12.0,1e-06,     0.0
SrcExplicit PME 12A cutoff 1e-4 tol,none,CustomMTSLangevinMiddleIntegrator,1, 12.0,1e-06,     0.0
SrcExplicit PME 12A cutoff 1e-4 tol,none,openmm.LangevinMiddleIntegrator,1, 13.0,1e-06,     0.0
SrcExplicit PME 12A cutoff 1e-4 tol,none,CustomMTSLangevinMiddleIntegrator,1, 13.0,1e-06,     0.0
SrcExplicit PME 12A cutoff 1e-4 tol,none,openmm.LangevinMiddleIntegrator,1, 14.0,1e-06,     0.0
SrcExplicit PME 12A cutoff 1e-4 tol,none,CustomMTSLangevinMiddleIntegrator,1, 14.0,1e-06,     0.0
SrcExplicit PME 12A cutoff 1e-4 tol,none,openmm.LangevinMiddleIntegrator,1, 15.0,1e-06,     0.0
SrcExplicit PME 12A cutoff 1e-4 tol,none,CustomMTSLangevinMiddleIntegrator,1, 15.0,1e-06,     0.0
SrcExplicit PME 12A cutoff 1e-4 tol,none,openmm.LangevinMiddleIntegrator,1, 16.0,1e-06,     0.0
SrcExplicit PME 12A cutoff 1e-4 tol,none,CustomMTSLangevinMiddleIntegrator,1, 16.0,1e-06,     0.0
SrcExplicit PME 12A cutoff 1e-4 tol,none,openmm.LangevinMiddleIntegrator,1, 17.0,1e-06,     0.0
SrcExplicit PME 12A cutoff 1e-4 tol,none,CustomMTSLangevinMiddleIntegrator,1, 17.0,1e-06,     0.0
SrcExplicit PME 12A cutoff 1e-4 tol,none,openmm.LangevinMiddleIntegrator,1, 18.0,1e-06,     0.0
SrcExplicit PME 12A cutoff 1e-4 tol,none,CustomMTSLangevinMiddleIntegrator,1, 18.0,1e-06,     0.0
SrcExplicit PME 12A cutoff 1e-4 tol,none,openmm.LangevinMiddleIntegrator,1, 19.0,1e-06,     0.0
SrcExplicit PME 12A cutoff 1e-4 tol,none,CustomMTSLangevinMiddleIntegrator,1, 19.0,1e-06,     0.0
SrcExplicit PME 12A cutoff 1e-4 tol,none,openmm.LangevinMiddleIntegrator,1, 20.0,1e-06,     0.0
SrcExplicit PME 12A cutoff 1e-4 tol,none,CustomMTSLangevinMiddleIntegrator,1, 20.0,1e-06,     0.0
SrcExplicit PME 12A cutoff 1e-4 tol,none,openmm.LangevinMiddleIntegrator,1, 21.0,1e-06,     0.0
SrcExplicit PME 12A cutoff 1e-4 tol,none,CustomMTSLangevinMiddleIntegrator,1, 21.0,1e-06,     0.0
SrcExplicit PME 12A cutoff 1e-4 tol,none,openmm.LangevinMiddleIntegrator,1, 22.0,1e-06,     0.0
SrcExplicit PME 12A cutoff 1e-4 tol,none,CustomMTSLangevinMiddleIntegrator,1, 22.0,1e-06,     0.0
SrcExplicit PME 12A cutoff 1e-4 tol,none,openmm.LangevinMiddleIntegrator,1, 23.0,1e-06,     0.0
SrcExplicit PME 12A cutoff 1e-4 tol,none,CustomMTSLangevinMiddleIntegrator,1, 23.0,1e-06,     0.0
SrcExplicit PME 12A cutoff 1e-4 tol,none,openmm.LangevinMiddleIntegrator,1, 24.0,1e-06,     0.0
SrcExplicit PME 12A cutoff 1e-4 tol,none,CustomMTSLangevinMiddleIntegrator,1, 24.0,1e-06,     0.0
SrcExplicit PME 12A cutoff 1e-4 tol,none,openmm.LangevinMiddleIntegrator,1, 25.0,1e-06,     0.0
SrcExplicit PME 12A cutoff 1e-4 tol,none,CustomMTSLangevinMiddleIntegrator,1, 25.0,1e-06,     0.0
SrcExplicit PME 12A cutoff 1e-4 tol,none,openmm.LangevinMiddleIntegrator,1, 26.0,1e-06,     0.0
SrcExplicit PME 12A cutoff 1e-4 tol,none,CustomMTSLangevinMiddleIntegrator,1, 26.0,1e-06,     0.0
SrcExplicit PME 12A cutoff 1e-4 tol,none,openmm.LangevinMiddleIntegrator,1, 27.0,1e-06,     0.0
SrcExplicit PME 12A cutoff 1e-4 tol,none,CustomMTSLangevinMiddleIntegrator,1, 27.0,1e-06,     0.0
SrcExplicit PME 12A cutoff 1e-4 tol,NonbondedForce-ReciprocalSpace,CustomMTSLangevinMiddleIntegrator,3,  1.0,1e-06,    20.6
SrcExplicit PME 12A cutoff 1e-4 tol,NonbondedForce-ReciprocalSpace,CustomMTSLangevinMiddleIntegrator,3,  2.0,1e-06,    40.6
SrcExplicit PME 12A cutoff 1e-4 tol,NonbondedForce-ReciprocalSpace,CustomMTSLangevinMiddleIntegrator,3,  3.0,1e-06,    60.0
SrcExplicit PME 12A cutoff 1e-4 tol,NonbondedForce-ReciprocalSpace,CustomMTSLangevinMiddleIntegrator,3,  4.0,1e-06,    78.7
SrcExplicit PME 12A cutoff 1e-4 tol,NonbondedForce-ReciprocalSpace,CustomMTSLangevinMiddleIntegrator,3,  5.0,1e-06,    96.8
SrcExplicit PME 12A cutoff 1e-4 tol,NonbondedForce-ReciprocalSpace,CustomMTSLangevinMiddleIntegrator,3,  6.0,1e-06,   114.1
SrcExplicit PME 12A cutoff 1e-4 tol,NonbondedForce-ReciprocalSpace,CustomMTSLangevinMiddleIntegrator,3,  7.0,1e-06,   131.3
SrcExplicit PME 12A cutoff 1e-4 tol,NonbondedForce-ReciprocalSpace,CustomMTSLangevinMiddleIntegrator,3,  8.0,1e-06,   147.4
SrcExplicit PME 12A cutoff 1e-4 tol,NonbondedForce-ReciprocalSpace,CustomMTSLangevinMiddleIntegrator,3,  9.0,1e-06,   163.6
SrcExplicit PME 12A cutoff 1e-4 tol,NonbondedForce-ReciprocalSpace,CustomMTSLangevinMiddleIntegrator,3, 10.0,1e-06,   180.6
SrcExplicit PME 12A cutoff 1e-4 tol,NonbondedForce-ReciprocalSpace,CustomMTSLangevinMiddleIntegrator,3, 11.0,1e-06,   195.0
SrcExplicit PME 12A cutoff 1e-4 tol,NonbondedForce-ReciprocalSpace,CustomMTSLangevinMiddleIntegrator,3, 12.0,1e-06,   207.1
SrcExplicit PME 12A cutoff 1e-4 tol,NonbondedForce-ReciprocalSpace,CustomMTSLangevinMiddleIntegrator,3, 13.0,1e-06,   222.0
SrcExplicit PME 12A cutoff 1e-4 tol,NonbondedForce-ReciprocalSpace,CustomMTSLangevinMiddleIntegrator,3, 14.0,1e-06,   236.2
SrcExplicit PME 12A cutoff 1e-4 tol,NonbondedForce-ReciprocalSpace,CustomMTSLangevinMiddleIntegrator,3, 15.0,1e-06,     0.0
SrcExplicit PME 12A cutoff 1e-4 tol,NonbondedForce-ReciprocalSpace,CustomMTSLangevinMiddleIntegrator,3, 16.0,1e-06,     0.0
SrcExplicit PME 12A cutoff 1e-4 tol,NonbondedForce-ReciprocalSpace,CustomMTSLangevinMiddleIntegrator,3, 17.0,1e-06,     0.0
SrcExplicit PME 12A cutoff 1e-4 tol,NonbondedForce-ReciprocalSpace,CustomMTSLangevinMiddleIntegrator,3, 18.0,1e-06,     0.0
SrcExplicit PME 12A cutoff 1e-4 tol,NonbondedForce-ReciprocalSpace,CustomMTSLangevinMiddleIntegrator,3, 19.0,1e-06,     0.0
SrcExplicit PME 12A cutoff 1e-4 tol,NonbondedForce-ReciprocalSpace,CustomMTSLangevinMiddleIntegrator,3, 20.0,1e-06,     0.0
SrcExplicit PME 12A cutoff 1e-4 tol,NonbondedForce-ReciprocalSpace,CustomMTSLangevinMiddleIntegrator,3, 21.0,1e-06,     0.0
SrcExplicit PME 12A cutoff 1e-4 tol,NonbondedForce-ReciprocalSpace,CustomMTSLangevinMiddleIntegrator,3, 22.0,1e-06,     0.0
SrcExplicit PME 12A cutoff 1e-4 tol,NonbondedForce-ReciprocalSpace,CustomMTSLangevinMiddleIntegrator,3, 23.0,1e-06,     0.0
SrcExplicit PME 12A cutoff 1e-4 tol,NonbondedForce-ReciprocalSpace,CustomMTSLangevinMiddleIntegrator,3, 24.0,1e-06,     0.0
SrcExplicit PME 12A cutoff 1e-4 tol,NonbondedForce-ReciprocalSpace,CustomMTSLangevinMiddleIntegrator,3, 25.0,1e-06,     0.0
SrcExplicit PME 12A cutoff 1e-4 tol,NonbondedForce-ReciprocalSpace,CustomMTSLangevinMiddleIntegrator,3, 26.0,1e-06,     0.0
SrcExplicit PME 12A cutoff 1e-4 tol,NonbondedForce-ReciprocalSpace,CustomMTSLangevinMiddleIntegrator,3, 27.0,1e-06,     0.0
SrcExplicit PME 12A cutoff 1e-4 tol,NonbondedForce-ReciprocalSpace,CustomMTSLangevinMiddleIntegrator,5,  1.0,1e-06,    13.0
SrcExplicit PME 12A cutoff 1e-4 tol,NonbondedForce-ReciprocalSpace,CustomMTSLangevinMiddleIntegrator,5,  2.0,1e-06,    25.7
SrcExplicit PME 12A cutoff 1e-4 tol,NonbondedForce-ReciprocalSpace,CustomMTSLangevinMiddleIntegrator,5,  3.0,1e-06,    38.0
SrcExplicit PME 12A cutoff 1e-4 tol,NonbondedForce-ReciprocalSpace,CustomMTSLangevinMiddleIntegrator,5,  4.0,1e-06,    50.2
SrcExplicit PME 12A cutoff 1e-4 tol,NonbondedForce-ReciprocalSpace,CustomMTSLangevinMiddleIntegrator,5,  5.0,1e-06,    61.9
SrcExplicit PME 12A cutoff 1e-4 tol,NonbondedForce-ReciprocalSpace,CustomMTSLangevinMiddleIntegrator,5,  6.0,1e-06,    73.5
SrcExplicit PME 12A cutoff 1e-4 tol,NonbondedForce-ReciprocalSpace,CustomMTSLangevinMiddleIntegrator,5,  7.0,1e-06,    84.8
SrcExplicit PME 12A cutoff 1e-4 tol,NonbondedForce-ReciprocalSpace,CustomMTSLangevinMiddleIntegrator,5,  8.0,1e-06,    95.8
SrcExplicit PME 12A cutoff 1e-4 tol,NonbondedForce-ReciprocalSpace,CustomMTSLangevinMiddleIntegrator,5,  9.0,1e-06,   106.6
SrcExplicit PME 12A cutoff 1e-4 tol,NonbondedForce-ReciprocalSpace,CustomMTSLangevinMiddleIntegrator,5, 10.0,1e-06,   116.7
SrcExplicit PME 12A cutoff 1e-4 tol,NonbondedForce-ReciprocalSpace,CustomMTSLangevinMiddleIntegrator,5, 11.0,1e-06,   127.4
SrcExplicit PME 12A cutoff 1e-4 tol,NonbondedForce-ReciprocalSpace,CustomMTSLangevinMiddleIntegrator,5, 12.0,1e-06,   137.5
SrcExplicit PME 12A cutoff 1e-4 tol,NonbondedForce-ReciprocalSpace,CustomMTSLangevinMiddleIntegrator,5, 13.0,1e-06,   147.0
SrcExplicit PME 12A cutoff 1e-4 tol,NonbondedForce-ReciprocalSpace,CustomMTSLangevinMiddleIntegrator,5, 14.0,1e-06,   156.7
SrcExplicit PME 12A cutoff 1e-4 tol,NonbondedForce-ReciprocalSpace,CustomMTSLangevinMiddleIntegrator,5, 15.0,1e-06,   166.7
SrcExplicit PME 12A cutoff 1e-4 tol,NonbondedForce-ReciprocalSpace,CustomMTSLangevinMiddleIntegrator,5, 16.0,1e-06,   173.2
SrcExplicit PME 12A cutoff 1e-4 tol,NonbondedForce-ReciprocalSpace,CustomMTSLangevinMiddleIntegrator,5, 17.0,1e-06,     0.0
SrcExplicit PME 12A cutoff 1e-4 tol,NonbondedForce-ReciprocalSpace,CustomMTSLangevinMiddleIntegrator,5, 18.0,1e-06,     0.0
SrcExplicit PME 12A cutoff 1e-4 tol,NonbondedForce-ReciprocalSpace,CustomMTSLangevinMiddleIntegrator,5, 19.0,1e-06,     0.0
SrcExplicit PME 12A cutoff 1e-4 tol,NonbondedForce-ReciprocalSpace,CustomMTSLangevinMiddleIntegrator,5, 20.0,1e-06,     0.0
SrcExplicit PME 12A cutoff 1e-4 tol,NonbondedForce-ReciprocalSpace,CustomMTSLangevinMiddleIntegrator,5, 21.0,1e-06,     0.0
SrcExplicit PME 12A cutoff 1e-4 tol,NonbondedForce-ReciprocalSpace,CustomMTSLangevinMiddleIntegrator,5, 22.0,1e-06,     0.0
SrcExplicit PME 12A cutoff 1e-4 tol,NonbondedForce-ReciprocalSpace,CustomMTSLangevinMiddleIntegrator,5, 23.0,1e-06,     0.0
SrcExplicit PME 12A cutoff 1e-4 tol,NonbondedForce-ReciprocalSpace,CustomMTSLangevinMiddleIntegrator,5, 24.0,1e-06,     0.0
SrcExplicit PME 12A cutoff 1e-4 tol,NonbondedForce-ReciprocalSpace,CustomMTSLangevinMiddleIntegrator,5, 25.0,1e-06,     0.0
SrcExplicit PME 12A cutoff 1e-4 tol,NonbondedForce-ReciprocalSpace,CustomMTSLangevinMiddleIntegrator,5, 26.0,1e-06,     0.0
SrcExplicit PME 12A cutoff 1e-4 tol,NonbondedForce-ReciprocalSpace,CustomMTSLangevinMiddleIntegrator,5, 27.0,1e-06,     0.0
SrcExplicit PME 12A cutoff 5e-5 tol,none,openmm.LangevinMiddleIntegrator,1,  1.0,1e-06,    46.6
SrcExplicit PME 12A cutoff 5e-5 tol,none,CustomMTSLangevinMiddleIntegrator,1,  1.0,1e-06,    44.6
SrcExplicit PME 12A cutoff 5e-5 tol,none,openmm.LangevinMiddleIntegrator,1,  2.0,1e-06,    94.6
SrcExplicit PME 12A cutoff 5e-5 tol,none,CustomMTSLangevinMiddleIntegrator,1,  2.0,1e-06,    86.9
SrcExplicit PME 12A cutoff 5e-5 tol,none,openmm.LangevinMiddleIntegrator,1,  3.0,1e-06,   138.2
SrcExplicit PME 12A cutoff 5e-5 tol,none,CustomMTSLangevinMiddleIntegrator,1,  3.0,1e-06,   127.3
SrcExplicit PME 12A cutoff 5e-5 tol,none,openmm.LangevinMiddleIntegrator,1,  4.0,1e-06,   180.4
SrcExplicit PME 12A cutoff 5e-5 tol,none,CustomMTSLangevinMiddleIntegrator,1,  4.0,1e-06,   166.0
SrcExplicit PME 12A cutoff 5e-5 tol,none,openmm.LangevinMiddleIntegrator,1,  5.0,1e-06,   218.5
SrcExplicit PME 12A cutoff 5e-5 tol,none,CustomMTSLangevinMiddleIntegrator,1,  5.0,1e-06,     0.0
SrcExplicit PME 12A cutoff 5e-5 tol,none,openmm.LangevinMiddleIntegrator,1,  6.0,1e-06,     0.0
SrcExplicit PME 12A cutoff 5e-5 tol,none,CustomMTSLangevinMiddleIntegrator,1,  6.0,1e-06,     0.0
SrcExplicit PME 12A cutoff 5e-5 tol,none,openmm.LangevinMiddleIntegrator,1,  7.0,1e-06,     0.0
SrcExplicit PME 12A cutoff 5e-5 tol,none,CustomMTSLangevinMiddleIntegrator,1,  7.0,1e-06,     0.0
SrcExplicit PME 12A cutoff 5e-5 tol,none,openmm.LangevinMiddleIntegrator,1,  8.0,1e-06,     0.0
SrcExplicit PME 12A cutoff 5e-5 tol,none,CustomMTSLangevinMiddleIntegrator,1,  8.0,1e-06,     0.0
SrcExplicit PME 12A cutoff 5e-5 tol,none,openmm.LangevinMiddleIntegrator,1,  9.0,1e-06,     0.0
SrcExplicit PME 12A cutoff 5e-5 tol,none,CustomMTSLangevinMiddleIntegrator,1,  9.0,1e-06,     0.0
SrcExplicit PME 12A cutoff 5e-5 tol,none,openmm.LangevinMiddleIntegrator,1, 10.0,1e-06,     0.0
SrcExplicit PME 12A cutoff 5e-5 tol,none,CustomMTSLangevinMiddleIntegrator,1, 10.0,1e-06,     0.0
SrcExplicit PME 12A cutoff 5e-5 tol,none,openmm.LangevinMiddleIntegrator,1, 11.0,1e-06,     0.0
SrcExplicit PME 12A cutoff 5e-5 tol,none,CustomMTSLangevinMiddleIntegrator,1, 11.0,1e-06,     0.0
SrcExplicit PME 12A cutoff 5e-5 tol,none,openmm.LangevinMiddleIntegrator,1, 12.0,1e-06,     0.0
SrcExplicit PME 12A cutoff 5e-5 tol,none,CustomMTSLangevinMiddleIntegrator,1, 12.0,1e-06,     0.0
SrcExplicit PME 12A cutoff 5e-5 tol,none,openmm.LangevinMiddleIntegrator,1, 13.0,1e-06,     0.0
SrcExplicit PME 12A cutoff 5e-5 tol,none,CustomMTSLangevinMiddleIntegrator,1, 13.0,1e-06,     0.0
SrcExplicit PME 12A cutoff 5e-5 tol,none,openmm.LangevinMiddleIntegrator,1, 14.0,1e-06,     0.0
SrcExplicit PME 12A cutoff 5e-5 tol,none,CustomMTSLangevinMiddleIntegrator,1, 14.0,1e-06,     0.0
SrcExplicit PME 12A cutoff 5e-5 tol,none,openmm.LangevinMiddleIntegrator,1, 15.0,1e-06,     0.0
SrcExplicit PME 12A cutoff 5e-5 tol,none,CustomMTSLangevinMiddleIntegrator,1, 15.0,1e-06,     0.0
SrcExplicit PME 12A cutoff 5e-5 tol,none,openmm.LangevinMiddleIntegrator,1, 16.0,1e-06,     0.0
SrcExplicit PME 12A cutoff 5e-5 tol,none,CustomMTSLangevinMiddleIntegrator,1, 16.0,1e-06,     0.0
SrcExplicit PME 12A cutoff 5e-5 tol,none,openmm.LangevinMiddleIntegrator,1, 17.0,1e-06,     0.0
SrcExplicit PME 12A cutoff 5e-5 tol,none,CustomMTSLangevinMiddleIntegrator,1, 17.0,1e-06,     0.0
SrcExplicit PME 12A cutoff 5e-5 tol,none,openmm.LangevinMiddleIntegrator,1, 18.0,1e-06,     0.0
SrcExplicit PME 12A cutoff 5e-5 tol,none,CustomMTSLangevinMiddleIntegrator,1, 18.0,1e-06,     0.0
SrcExplicit PME 12A cutoff 5e-5 tol,none,openmm.LangevinMiddleIntegrator,1, 19.0,1e-06,     0.0
SrcExplicit PME 12A cutoff 5e-5 tol,none,CustomMTSLangevinMiddleIntegrator,1, 19.0,1e-06,     0.0
SrcExplicit PME 12A cutoff 5e-5 tol,none,openmm.LangevinMiddleIntegrator,1, 20.0,1e-06,     0.0
SrcExplicit PME 12A cutoff 5e-5 tol,none,CustomMTSLangevinMiddleIntegrator,1, 20.0,1e-06,     0.0
SrcExplicit PME 12A cutoff 5e-5 tol,none,openmm.LangevinMiddleIntegrator,1, 21.0,1e-06,     0.0
SrcExplicit PME 12A cutoff 5e-5 tol,none,CustomMTSLangevinMiddleIntegrator,1, 21.0,1e-06,     0.0
SrcExplicit PME 12A cutoff 5e-5 tol,none,openmm.LangevinMiddleIntegrator,1, 22.0,1e-06,     0.0
SrcExplicit PME 12A cutoff 5e-5 tol,none,CustomMTSLangevinMiddleIntegrator,1, 22.0,1e-06,     0.0
SrcExplicit PME 12A cutoff 5e-5 tol,none,openmm.LangevinMiddleIntegrator,1, 23.0,1e-06,     0.0
SrcExplicit PME 12A cutoff 5e-5 tol,none,CustomMTSLangevinMiddleIntegrator,1, 23.0,1e-06,     0.0
SrcExplicit PME 12A cutoff 5e-5 tol,none,openmm.LangevinMiddleIntegrator,1, 24.0,1e-06,     0.0
SrcExplicit PME 12A cutoff 5e-5 tol,none,CustomMTSLangevinMiddleIntegrator,1, 24.0,1e-06,     0.0
SrcExplicit PME 12A cutoff 5e-5 tol,none,openmm.LangevinMiddleIntegrator,1, 25.0,1e-06,     0.0
SrcExplicit PME 12A cutoff 5e-5 tol,none,CustomMTSLangevinMiddleIntegrator,1, 25.0,1e-06,     0.0
SrcExplicit PME 12A cutoff 5e-5 tol,none,openmm.LangevinMiddleIntegrator,1, 26.0,1e-06,     0.0
SrcExplicit PME 12A cutoff 5e-5 tol,none,CustomMTSLangevinMiddleIntegrator,1, 26.0,1e-06,     0.0
SrcExplicit PME 12A cutoff 5e-5 tol,none,openmm.LangevinMiddleIntegrator,1, 27.0,1e-06,     0.0
SrcExplicit PME 12A cutoff 5e-5 tol,none,CustomMTSLangevinMiddleIntegrator,1, 27.0,1e-06,     0.0
SrcExplicit PME 12A cutoff 5e-5 tol,NonbondedForce-ReciprocalSpace,CustomMTSLangevinMiddleIntegrator,3,  1.0,1e-06,    19.6
SrcExplicit PME 12A cutoff 5e-5 tol,NonbondedForce-ReciprocalSpace,CustomMTSLangevinMiddleIntegrator,3,  2.0,1e-06,    38.6
SrcExplicit PME 12A cutoff 5e-5 tol,NonbondedForce-ReciprocalSpace,CustomMTSLangevinMiddleIntegrator,3,  3.0,1e-06,    57.0
SrcExplicit PME 12A cutoff 5e-5 tol,NonbondedForce-ReciprocalSpace,CustomMTSLangevinMiddleIntegrator,3,  4.0,1e-06,    74.8
SrcExplicit PME 12A cutoff 5e-5 tol,NonbondedForce-ReciprocalSpace,CustomMTSLangevinMiddleIntegrator,3,  5.0,1e-06,    92.0
SrcExplicit PME 12A cutoff 5e-5 tol,NonbondedForce-ReciprocalSpace,CustomMTSLangevinMiddleIntegrator,3,  6.0,1e-06,   108.7
SrcExplicit PME 12A cutoff 5e-5 tol,NonbondedForce-ReciprocalSpace,CustomMTSLangevinMiddleIntegrator,3,  7.0,1e-06,   125.5
SrcExplicit PME 12A cutoff 5e-5 tol,NonbondedForce-ReciprocalSpace,CustomMTSLangevinMiddleIntegrator,3,  8.0,1e-06,   140.6
SrcExplicit PME 12A cutoff 5e-5 tol,NonbondedForce-ReciprocalSpace,CustomMTSLangevinMiddleIntegrator,3,  9.0,1e-06,   156.6
SrcExplicit PME 12A cutoff 5e-5 tol,NonbondedForce-ReciprocalSpace,CustomMTSLangevinMiddleIntegrator,3, 10.0,1e-06,   172.6
SrcExplicit PME 12A cutoff 5e-5 tol,NonbondedForce-ReciprocalSpace,CustomMTSLangevinMiddleIntegrator,3, 11.0,1e-06,   186.4
SrcExplicit PME 12A cutoff 5e-5 tol,NonbondedForce-ReciprocalSpace,CustomMTSLangevinMiddleIntegrator,3, 12.0,1e-06,   198.7
SrcExplicit PME 12A cutoff 5e-5 tol,NonbondedForce-ReciprocalSpace,CustomMTSLangevinMiddleIntegrator,3, 13.0,1e-06,   212.9
SrcExplicit PME 12A cutoff 5e-5 tol,NonbondedForce-ReciprocalSpace,CustomMTSLangevinMiddleIntegrator,3, 14.0,1e-06,   227.6
SrcExplicit PME 12A cutoff 5e-5 tol,NonbondedForce-ReciprocalSpace,CustomMTSLangevinMiddleIntegrator,3, 15.0,1e-06,     0.0
SrcExplicit PME 12A cutoff 5e-5 tol,NonbondedForce-ReciprocalSpace,CustomMTSLangevinMiddleIntegrator,3, 16.0,1e-06,     0.0
SrcExplicit PME 12A cutoff 5e-5 tol,NonbondedForce-ReciprocalSpace,CustomMTSLangevinMiddleIntegrator,3, 17.0,1e-06,     0.0
SrcExplicit PME 12A cutoff 5e-5 tol,NonbondedForce-ReciprocalSpace,CustomMTSLangevinMiddleIntegrator,3, 18.0,1e-06,     0.0
SrcExplicit PME 12A cutoff 5e-5 tol,NonbondedForce-ReciprocalSpace,CustomMTSLangevinMiddleIntegrator,3, 19.0,1e-06,     0.0
SrcExplicit PME 12A cutoff 5e-5 tol,NonbondedForce-ReciprocalSpace,CustomMTSLangevinMiddleIntegrator,3, 20.0,1e-06,     0.0
SrcExplicit PME 12A cutoff 5e-5 tol,NonbondedForce-ReciprocalSpace,CustomMTSLangevinMiddleIntegrator,3, 21.0,1e-06,     0.0
SrcExplicit PME 12A cutoff 5e-5 tol,NonbondedForce-ReciprocalSpace,CustomMTSLangevinMiddleIntegrator,3, 22.0,1e-06,     0.0
SrcExplicit PME 12A cutoff 5e-5 tol,NonbondedForce-ReciprocalSpace,CustomMTSLangevinMiddleIntegrator,3, 23.0,1e-06,     0.0
SrcExplicit PME 12A cutoff 5e-5 tol,NonbondedForce-ReciprocalSpace,CustomMTSLangevinMiddleIntegrator,3, 24.0,1e-06,     0.0
SrcExplicit PME 12A cutoff 5e-5 tol,NonbondedForce-ReciprocalSpace,CustomMTSLangevinMiddleIntegrator,3, 25.0,1e-06,     0.0
SrcExplicit PME 12A cutoff 5e-5 tol,NonbondedForce-ReciprocalSpace,CustomMTSLangevinMiddleIntegrator,3, 26.0,1e-06,     0.0
SrcExplicit PME 12A cutoff 5e-5 tol,NonbondedForce-ReciprocalSpace,CustomMTSLangevinMiddleIntegrator,3, 27.0,1e-06,     0.0
SrcExplicit PME 12A cutoff 5e-5 tol,NonbondedForce-ReciprocalSpace,CustomMTSLangevinMiddleIntegrator,5,  1.0,1e-06,    12.5
SrcExplicit PME 12A cutoff 5e-5 tol,NonbondedForce-ReciprocalSpace,CustomMTSLangevinMiddleIntegrator,5,  2.0,1e-06,    24.8
SrcExplicit PME 12A cutoff 5e-5 tol,NonbondedForce-ReciprocalSpace,CustomMTSLangevinMiddleIntegrator,5,  3.0,1e-06,    36.8
SrcExplicit PME 12A cutoff 5e-5 tol,NonbondedForce-ReciprocalSpace,CustomMTSLangevinMiddleIntegrator,5,  4.0,1e-06,    48.5
SrcExplicit PME 12A cutoff 5e-5 tol,NonbondedForce-ReciprocalSpace,CustomMTSLangevinMiddleIntegrator,5,  5.0,1e-06,    59.9
SrcExplicit PME 12A cutoff 5e-5 tol,NonbondedForce-ReciprocalSpace,CustomMTSLangevinMiddleIntegrator,5,  6.0,1e-06,    71.1
SrcExplicit PME 12A cutoff 5e-5 tol,NonbondedForce-ReciprocalSpace,CustomMTSLangevinMiddleIntegrator,5,  7.0,1e-06,    82.1
SrcExplicit PME 12A cutoff 5e-5 tol,NonbondedForce-ReciprocalSpace,CustomMTSLangevinMiddleIntegrator,5,  8.0,1e-06,    92.8
SrcExplicit PME 12A cutoff 5e-5 tol,NonbondedForce-ReciprocalSpace,CustomMTSLangevinMiddleIntegrator,5,  9.0,1e-06,   103.1
SrcExplicit PME 12A cutoff 5e-5 tol,NonbondedForce-ReciprocalSpace,CustomMTSLangevinMiddleIntegrator,5, 10.0,1e-06,   113.2
SrcExplicit PME 12A cutoff 5e-5 tol,NonbondedForce-ReciprocalSpace,CustomMTSLangevinMiddleIntegrator,5, 11.0,1e-06,   123.5
SrcExplicit PME 12A cutoff 5e-5 tol,NonbondedForce-ReciprocalSpace,CustomMTSLangevinMiddleIntegrator,5, 12.0,1e-06,   133.4
SrcExplicit PME 12A cutoff 5e-5 tol,NonbondedForce-ReciprocalSpace,CustomMTSLangevinMiddleIntegrator,5, 13.0,1e-06,   142.3
SrcExplicit PME 12A cutoff 5e-5 tol,NonbondedForce-ReciprocalSpace,CustomMTSLangevinMiddleIntegrator,5, 14.0,1e-06,   152.1
SrcExplicit PME 12A cutoff 5e-5 tol,NonbondedForce-ReciprocalSpace,CustomMTSLangevinMiddleIntegrator,5, 15.0,1e-06,   161.8
SrcExplicit PME 12A cutoff 5e-5 tol,NonbondedForce-ReciprocalSpace,CustomMTSLangevinMiddleIntegrator,5, 16.0,1e-06,   166.9
SrcExplicit PME 12A cutoff 5e-5 tol,NonbondedForce-ReciprocalSpace,CustomMTSLangevinMiddleIntegrator,5, 17.0,1e-06,     0.0
SrcExplicit PME 12A cutoff 5e-5 tol,NonbondedForce-ReciprocalSpace,CustomMTSLangevinMiddleIntegrator,5, 18.0,1e-06,     0.0
SrcExplicit PME 12A cutoff 5e-5 tol,NonbondedForce-ReciprocalSpace,CustomMTSLangevinMiddleIntegrator,5, 19.0,1e-06,     0.0
SrcExplicit PME 12A cutoff 5e-5 tol,NonbondedForce-ReciprocalSpace,CustomMTSLangevinMiddleIntegrator,5, 20.0,1e-06,     0.0
SrcExplicit PME 12A cutoff 5e-5 tol,NonbondedForce-ReciprocalSpace,CustomMTSLangevinMiddleIntegrator,5, 21.0,1e-06,     0.0
SrcExplicit PME 12A cutoff 5e-5 tol,NonbondedForce-ReciprocalSpace,CustomMTSLangevinMiddleIntegrator,5, 22.0,1e-06,     0.0
SrcExplicit PME 12A cutoff 5e-5 tol,NonbondedForce-ReciprocalSpace,CustomMTSLangevinMiddleIntegrator,5, 23.0,1e-06,     0.0
SrcExplicit PME 12A cutoff 5e-5 tol,NonbondedForce-ReciprocalSpace,CustomMTSLangevinMiddleIntegrator,5, 24.0,1e-06,     0.0
SrcExplicit PME 12A cutoff 5e-5 tol,NonbondedForce-ReciprocalSpace,CustomMTSLangevinMiddleIntegrator,5, 25.0,1e-06,     0.0
SrcExplicit PME 12A cutoff 5e-5 tol,NonbondedForce-ReciprocalSpace,CustomMTSLangevinMiddleIntegrator,5, 26.0,1e-06,     0.0
SrcExplicit PME 12A cutoff 5e-5 tol,NonbondedForce-ReciprocalSpace,CustomMTSLangevinMiddleIntegrator,5, 27.0,1e-06,     0.0
SrcExplicit PME 12A cutoff 1e-5 tol,none,openmm.LangevinMiddleIntegrator,1,  1.0,1e-06,    29.6
SrcExplicit PME 12A cutoff 1e-5 tol,none,CustomMTSLangevinMiddleIntegrator,1,  1.0,1e-06,    27.6
SrcExplicit PME 12A cutoff 1e-5 tol,none,openmm.LangevinMiddleIntegrator,1,  2.0,1e-06,    58.6
SrcExplicit PME 12A cutoff 1e-5 tol,none,CustomMTSLangevinMiddleIntegrator,1,  2.0,1e-06,    54.6
SrcExplicit PME 12A cutoff 1e-5 tol,none,openmm.LangevinMiddleIntegrator,1,  3.0,1e-06,    86.7
SrcExplicit PME 12A cutoff 1e-5 tol,none,CustomMTSLangevinMiddleIntegrator,1,  3.0,1e-06,    80.5
SrcExplicit PME 12A cutoff 1e-5 tol,none,openmm.LangevinMiddleIntegrator,1,  4.0,1e-06,   113.5
SrcExplicit PME 12A cutoff 1e-5 tol,none,CustomMTSLangevinMiddleIntegrator,1,  4.0,1e-06,   105.8
SrcExplicit PME 12A cutoff 1e-5 tol,none,openmm.LangevinMiddleIntegrator,1,  5.0,1e-06,   139.4
SrcExplicit PME 12A cutoff 1e-5 tol,none,CustomMTSLangevinMiddleIntegrator,1,  5.0,1e-06,   129.9
SrcExplicit PME 12A cutoff 1e-5 tol,none,openmm.LangevinMiddleIntegrator,1,  6.0,1e-06,     0.0
SrcExplicit PME 12A cutoff 1e-5 tol,none,CustomMTSLangevinMiddleIntegrator,1,  6.0,1e-06,     0.0
SrcExplicit PME 12A cutoff 1e-5 tol,none,openmm.LangevinMiddleIntegrator,1,  7.0,1e-06,     0.0
SrcExplicit PME 12A cutoff 1e-5 tol,none,CustomMTSLangevinMiddleIntegrator,1,  7.0,1e-06,     0.0
SrcExplicit PME 12A cutoff 1e-5 tol,none,openmm.LangevinMiddleIntegrator,1,  8.0,1e-06,     0.0
SrcExplicit PME 12A cutoff 1e-5 tol,none,CustomMTSLangevinMiddleIntegrator,1,  8.0,1e-06,     0.0
SrcExplicit PME 12A cutoff 1e-5 tol,none,openmm.LangevinMiddleIntegrator,1,  9.0,1e-06,     0.0
SrcExplicit PME 12A cutoff 1e-5 tol,none,CustomMTSLangevinMiddleIntegrator,1,  9.0,1e-06,     0.0
SrcExplicit PME 12A cutoff 1e-5 tol,none,openmm.LangevinMiddleIntegrator,1, 10.0,1e-06,     0.0
SrcExplicit PME 12A cutoff 1e-5 tol,none,CustomMTSLangevinMiddleIntegrator,1, 10.0,1e-06,     0.0
SrcExplicit PME 12A cutoff 1e-5 tol,none,openmm.LangevinMiddleIntegrator,1, 11.0,1e-06,     0.0
SrcExplicit PME 12A cutoff 1e-5 tol,none,CustomMTSLangevinMiddleIntegrator,1, 11.0,1e-06,     0.0
SrcExplicit PME 12A cutoff 1e-5 tol,none,openmm.LangevinMiddleIntegrator,1, 12.0,1e-06,     0.0
SrcExplicit PME 12A cutoff 1e-5 tol,none,CustomMTSLangevinMiddleIntegrator,1, 12.0,1e-06,     0.0
SrcExplicit PME 12A cutoff 1e-5 tol,none,openmm.LangevinMiddleIntegrator,1, 13.0,1e-06,     0.0
SrcExplicit PME 12A cutoff 1e-5 tol,none,CustomMTSLangevinMiddleIntegrator,1, 13.0,1e-06,     0.0
SrcExplicit PME 12A cutoff 1e-5 tol,none,openmm.LangevinMiddleIntegrator,1, 14.0,1e-06,     0.0
SrcExplicit PME 12A cutoff 1e-5 tol,none,CustomMTSLangevinMiddleIntegrator,1, 14.0,1e-06,     0.0
SrcExplicit PME 12A cutoff 1e-5 tol,none,openmm.LangevinMiddleIntegrator,1, 15.0,1e-06,     0.0
SrcExplicit PME 12A cutoff 1e-5 tol,none,CustomMTSLangevinMiddleIntegrator,1, 15.0,1e-06,     0.0
SrcExplicit PME 12A cutoff 1e-5 tol,none,openmm.LangevinMiddleIntegrator,1, 16.0,1e-06,     0.0
SrcExplicit PME 12A cutoff 1e-5 tol,none,CustomMTSLangevinMiddleIntegrator,1, 16.0,1e-06,     0.0
SrcExplicit PME 12A cutoff 1e-5 tol,none,openmm.LangevinMiddleIntegrator,1, 17.0,1e-06,     0.0
SrcExplicit PME 12A cutoff 1e-5 tol,none,CustomMTSLangevinMiddleIntegrator,1, 17.0,1e-06,     0.0
SrcExplicit PME 12A cutoff 1e-5 tol,none,openmm.LangevinMiddleIntegrator,1, 18.0,1e-06,     0.0
SrcExplicit PME 12A cutoff 1e-5 tol,none,CustomMTSLangevinMiddleIntegrator,1, 18.0,1e-06,     0.0
SrcExplicit PME 12A cutoff 1e-5 tol,none,openmm.LangevinMiddleIntegrator,1, 19.0,1e-06,     0.0
SrcExplicit PME 12A cutoff 1e-5 tol,none,CustomMTSLangevinMiddleIntegrator,1, 19.0,1e-06,     0.0
SrcExplicit PME 12A cutoff 1e-5 tol,none,openmm.LangevinMiddleIntegrator,1, 20.0,1e-06,     0.0
SrcExplicit PME 12A cutoff 1e-5 tol,none,CustomMTSLangevinMiddleIntegrator,1, 20.0,1e-06,     0.0
SrcExplicit PME 12A cutoff 1e-5 tol,none,openmm.LangevinMiddleIntegrator,1, 21.0,1e-06,     0.0
SrcExplicit PME 12A cutoff 1e-5 tol,none,CustomMTSLangevinMiddleIntegrator,1, 21.0,1e-06,     0.0
SrcExplicit PME 12A cutoff 1e-5 tol,none,openmm.LangevinMiddleIntegrator,1, 22.0,1e-06,     0.0
SrcExplicit PME 12A cutoff 1e-5 tol,none,CustomMTSLangevinMiddleIntegrator,1, 22.0,1e-06,     0.0
SrcExplicit PME 12A cutoff 1e-5 tol,none,openmm.LangevinMiddleIntegrator,1, 23.0,1e-06,     0.0
SrcExplicit PME 12A cutoff 1e-5 tol,none,CustomMTSLangevinMiddleIntegrator,1, 23.0,1e-06,     0.0
SrcExplicit PME 12A cutoff 1e-5 tol,none,openmm.LangevinMiddleIntegrator,1, 24.0,1e-06,     0.0
SrcExplicit PME 12A cutoff 1e-5 tol,none,CustomMTSLangevinMiddleIntegrator,1, 24.0,1e-06,     0.0
SrcExplicit PME 12A cutoff 1e-5 tol,none,openmm.LangevinMiddleIntegrator,1, 25.0,1e-06,     0.0
SrcExplicit PME 12A cutoff 1e-5 tol,none,CustomMTSLangevinMiddleIntegrator,1, 25.0,1e-06,     0.0
SrcExplicit PME 12A cutoff 1e-5 tol,none,openmm.LangevinMiddleIntegrator,1, 26.0,1e-06,     0.0
SrcExplicit PME 12A cutoff 1e-5 tol,none,CustomMTSLangevinMiddleIntegrator,1, 26.0,1e-06,     0.0
SrcExplicit PME 12A cutoff 1e-5 tol,none,openmm.LangevinMiddleIntegrator,1, 27.0,1e-06,     0.0
SrcExplicit PME 12A cutoff 1e-5 tol,none,CustomMTSLangevinMiddleIntegrator,1, 27.0,1e-06,     0.0
SrcExplicit PME 12A cutoff 1e-5 tol,NonbondedForce-ReciprocalSpace,CustomMTSLangevinMiddleIntegrator,3,  1.0,1e-06,    15.3
SrcExplicit PME 12A cutoff 1e-5 tol,NonbondedForce-ReciprocalSpace,CustomMTSLangevinMiddleIntegrator,3,  2.0,1e-06,    30.2
SrcExplicit PME 12A cutoff 1e-5 tol,NonbondedForce-ReciprocalSpace,CustomMTSLangevinMiddleIntegrator,3,  3.0,1e-06,    44.8
SrcExplicit PME 12A cutoff 1e-5 tol,NonbondedForce-ReciprocalSpace,CustomMTSLangevinMiddleIntegrator,3,  4.0,1e-06,    59.1
SrcExplicit PME 12A cutoff 1e-5 tol,NonbondedForce-ReciprocalSpace,CustomMTSLangevinMiddleIntegrator,3,  5.0,1e-06,    72.8
SrcExplicit PME 12A cutoff 1e-5 tol,NonbondedForce-ReciprocalSpace,CustomMTSLangevinMiddleIntegrator,3,  6.0,1e-06,    86.3
SrcExplicit PME 12A cutoff 1e-5 tol,NonbondedForce-ReciprocalSpace,CustomMTSLangevinMiddleIntegrator,3,  7.0,1e-06,    99.8
SrcExplicit PME 12A cutoff 1e-5 tol,NonbondedForce-ReciprocalSpace,CustomMTSLangevinMiddleIntegrator,3,  8.0,1e-06,   112.6
SrcExplicit PME 12A cutoff 1e-5 tol,NonbondedForce-ReciprocalSpace,CustomMTSLangevinMiddleIntegrator,3,  9.0,1e-06,   125.4
SrcExplicit PME 12A cutoff 1e-5 tol,NonbondedForce-ReciprocalSpace,CustomMTSLangevinMiddleIntegrator,3, 10.0,1e-06,   138.5
SrcExplicit PME 12A cutoff 1e-5 tol,NonbondedForce-ReciprocalSpace,CustomMTSLangevinMiddleIntegrator,3, 11.0,1e-06,   150.3
SrcExplicit PME 12A cutoff 1e-5 tol,NonbondedForce-ReciprocalSpace,CustomMTSLangevinMiddleIntegrator,3, 12.0,1e-06,   160.9
SrcExplicit PME 12A cutoff 1e-5 tol,NonbondedForce-ReciprocalSpace,CustomMTSLangevinMiddleIntegrator,3, 13.0,1e-06,   172.7
SrcExplicit PME 12A cutoff 1e-5 tol,NonbondedForce-ReciprocalSpace,CustomMTSLangevinMiddleIntegrator,3, 14.0,1e-06,   183.7
SrcExplicit PME 12A cutoff 1e-5 tol,NonbondedForce-ReciprocalSpace,CustomMTSLangevinMiddleIntegrator,3, 15.0,1e-06,     0.0
SrcExplicit PME 12A cutoff 1e-5 tol,NonbondedForce-ReciprocalSpace,CustomMTSLangevinMiddleIntegrator,3, 16.0,1e-06,     0.0
SrcExplicit PME 12A cutoff 1e-5 tol,NonbondedForce-ReciprocalSpace,CustomMTSLangevinMiddleIntegrator,3, 17.0,1e-06,     0.0
SrcExplicit PME 12A cutoff 1e-5 tol,NonbondedForce-ReciprocalSpace,CustomMTSLangevinMiddleIntegrator,3, 18.0,1e-06,     0.0
SrcExplicit PME 12A cutoff 1e-5 tol,NonbondedForce-ReciprocalSpace,CustomMTSLangevinMiddleIntegrator,3, 19.0,1e-06,     0.0
SrcExplicit PME 12A cutoff 1e-5 tol,NonbondedForce-ReciprocalSpace,CustomMTSLangevinMiddleIntegrator,3, 20.0,1e-06,     0.0
SrcExplicit PME 12A cutoff 1e-5 tol,NonbondedForce-ReciprocalSpace,CustomMTSLangevinMiddleIntegrator,3, 21.0,1e-06,     0.0
SrcExplicit PME 12A cutoff 1e-5 tol,NonbondedForce-ReciprocalSpace,CustomMTSLangevinMiddleIntegrator,3, 22.0,1e-06,     0.0
SrcExplicit PME 12A cutoff 1e-5 tol,NonbondedForce-ReciprocalSpace,CustomMTSLangevinMiddleIntegrator,3, 23.0,1e-06,     0.0
SrcExplicit PME 12A cutoff 1e-5 tol,NonbondedForce-ReciprocalSpace,CustomMTSLangevinMiddleIntegrator,3, 24.0,1e-06,     0.0
SrcExplicit PME 12A cutoff 1e-5 tol,NonbondedForce-ReciprocalSpace,CustomMTSLangevinMiddleIntegrator,3, 25.0,1e-06,     0.0
SrcExplicit PME 12A cutoff 1e-5 tol,NonbondedForce-ReciprocalSpace,CustomMTSLangevinMiddleIntegrator,3, 26.0,1e-06,     0.0
SrcExplicit PME 12A cutoff 1e-5 tol,NonbondedForce-ReciprocalSpace,CustomMTSLangevinMiddleIntegrator,3, 27.0,1e-06,     0.0
SrcExplicit PME 12A cutoff 1e-5 tol,NonbondedForce-ReciprocalSpace,CustomMTSLangevinMiddleIntegrator,5,  1.0,1e-06,    10.5
SrcExplicit PME 12A cutoff 1e-5 tol,NonbondedForce-ReciprocalSpace,CustomMTSLangevinMiddleIntegrator,5,  2.0,1e-06,    20.8
SrcExplicit PME 12A cutoff 1e-5 tol,NonbondedForce-ReciprocalSpace,CustomMTSLangevinMiddleIntegrator,5,  3.0,1e-06,    31.0
SrcExplicit PME 12A cutoff 1e-5 tol,NonbondedForce-ReciprocalSpace,CustomMTSLangevinMiddleIntegrator,5,  4.0,1e-06,    41.0
SrcExplicit PME 12A cutoff 1e-5 tol,NonbondedForce-ReciprocalSpace,CustomMTSLangevinMiddleIntegrator,5,  5.0,1e-06,    50.6
SrcExplicit PME 12A cutoff 1e-5 tol,NonbondedForce-ReciprocalSpace,CustomMTSLangevinMiddleIntegrator,5,  6.0,1e-06,    60.2
SrcExplicit PME 12A cutoff 1e-5 tol,NonbondedForce-ReciprocalSpace,CustomMTSLangevinMiddleIntegrator,5,  7.0,1e-06,    69.4
SrcExplicit PME 12A cutoff 1e-5 tol,NonbondedForce-ReciprocalSpace,CustomMTSLangevinMiddleIntegrator,5,  8.0,1e-06,    78.6
SrcExplicit PME 12A cutoff 1e-5 tol,NonbondedForce-ReciprocalSpace,CustomMTSLangevinMiddleIntegrator,5,  9.0,1e-06,    87.4
SrcExplicit PME 12A cutoff 1e-5 tol,NonbondedForce-ReciprocalSpace,CustomMTSLangevinMiddleIntegrator,5, 10.0,1e-06,    96.4
SrcExplicit PME 12A cutoff 1e-5 tol,NonbondedForce-ReciprocalSpace,CustomMTSLangevinMiddleIntegrator,5, 11.0,1e-06,   105.2
SrcExplicit PME 12A cutoff 1e-5 tol,NonbondedForce-ReciprocalSpace,CustomMTSLangevinMiddleIntegrator,5, 12.0,1e-06,   113.9
SrcExplicit PME 12A cutoff 1e-5 tol,NonbondedForce-ReciprocalSpace,CustomMTSLangevinMiddleIntegrator,5, 13.0,1e-06,   121.8
SrcExplicit PME 12A cutoff 1e-5 tol,NonbondedForce-ReciprocalSpace,CustomMTSLangevinMiddleIntegrator,5, 14.0,1e-06,   130.2
SrcExplicit PME 12A cutoff 1e-5 tol,NonbondedForce-ReciprocalSpace,CustomMTSLangevinMiddleIntegrator,5, 15.0,1e-06,   138.7
SrcExplicit PME 12A cutoff 1e-5 tol,NonbondedForce-ReciprocalSpace,CustomMTSLangevinMiddleIntegrator,5, 16.0,1e-06,   142.3
SrcExplicit PME 12A cutoff 1e-5 tol,NonbondedForce-ReciprocalSpace,CustomMTSLangevinMiddleIntegrator,5, 17.0,1e-06,     0.0
SrcExplicit PME 12A cutoff 1e-5 tol,NonbondedForce-ReciprocalSpace,CustomMTSLangevinMiddleIntegrator,5, 18.0,1e-06,     0.0
SrcExplicit PME 12A cutoff 1e-5 tol,NonbondedForce-ReciprocalSpace,CustomMTSLangevinMiddleIntegrator,5, 19.0,1e-06,     0.0
SrcExplicit PME 12A cutoff 1e-5 tol,NonbondedForce-ReciprocalSpace,CustomMTSLangevinMiddleIntegrator,5, 20.0,1e-06,     0.0
SrcExplicit PME 12A cutoff 1e-5 tol,NonbondedForce-ReciprocalSpace,CustomMTSLangevinMiddleIntegrator,5, 21.0,1e-06,     0.0
SrcExplicit PME 12A cutoff 1e-5 tol,NonbondedForce-ReciprocalSpace,CustomMTSLangevinMiddleIntegrator,5, 22.0,1e-06,     0.0
SrcExplicit PME 12A cutoff 1e-5 tol,NonbondedForce-ReciprocalSpace,CustomMTSLangevinMiddleIntegrator,5, 23.0,1e-06,     0.0
SrcExplicit PME 12A cutoff 1e-5 tol,NonbondedForce-ReciprocalSpace,CustomMTSLangevinMiddleIntegrator,5, 24.0,1e-06,     0.0
SrcExplicit PME 12A cutoff 1e-5 tol,NonbondedForce-ReciprocalSpace,CustomMTSLangevinMiddleIntegrator,5, 25.0,1e-06,     0.0
SrcExplicit PME 12A cutoff 1e-5 tol,NonbondedForce-ReciprocalSpace,CustomMTSLangevinMiddleIntegrator,5, 26.0,1e-06,     0.0
SrcExplicit PME 12A cutoff 1e-5 tol,NonbondedForce-ReciprocalSpace,CustomMTSLangevinMiddleIntegrator,5, 27.0,1e-06,     0.0
